‚ÄúID‚Äù,‚ÄúTITLE‚Äù,‚ÄúVALORDESCRIPTION‚Äù
1,Analista de Google Ads,"Para o cargo de Analista em Google Ads precisamos de uma pessoa que seja organizada- atenciosa e que trabalhe muito bem sob press√£o. Ao assumir o cargo- voc√™ ser√° respons√°vel por:

‚Äì Auxiliar na an√°lise de dados di√°ria e/ou semanal de Campanhas- Grupos de An√∫ncios e An√∫ncios;
‚Äì Auxiliar na cria√ß√£o de Campanhas de Pesquisa- Display e Shopping;
‚Äì Auxiliar em demandas gerais de Pesquisa de Mercado e Planejamento de contas;
‚Äì Criar relat√≥rios de desempenho;
‚Äì Suporte √† equipe de Estrat√©gia e Design e quando necess√°rio- ao cliente;
‚Äì Cria√ß√£o e manuten√ß√£o de contas no Google Merchant- tal como do Feed de Produtos;
‚Äì Leitura e Interpreta√ß√£o de dados pelo Google Analytics.
‚Äì Conhecimento b√°sico em Google Ads-
‚Äì Vontade de aprender-
‚Äì Comprometimento-
‚Äì Organiza√ß√£o."
2,T√©cnico de Suporte/programa√ß√£o - Ti,"Descri√ß√£o
‚Ä¢ Realizar manuten√ß√£o e desenvolvimento de espec√≠ficos (ADVPL);
‚Ä¢ Dar suporte de uso ao ERP Protheus;
‚Ä¢ Atender Incidentes;
‚Ä¢ Realizar Atualiza√ß√µes de sistemas (melhorias e projetos);
‚Ä¢ Realizar a an√°lise de ambiente- desenvolvimento de telas- relat√≥rios e customiza√ß√µes;
‚Ä¢ Consultar banco de dados- realizando manuten√ß√µes e construindo scripts de banco de dados Oracle
‚Ä¢ Garantir o suporte de equipamentos e servi√ßos computacionais mediante procedimentos internos de manuten√ß√£o e abertura de chamado das √°reas da organiza√ß√£o;
‚Ä¢ Prestar o atendimento e suporte aos usu√°rios e desenvolver solu√ß√µes de tecnologia- a fim de manter a alta disponibilidade dos servi√ßos.

Requisitos
‚Ä¢ Forma√ß√£o em: Ci√™ncia da computa√ß√£o- Engenharia da Computa√ß√£o- An√°lise e desenvolvimento de sistemas- entre outras.
‚Ä¢ Conhecimento em SQL;
‚Ä¢ Conhecimento em ADVPL TOTVs Protheus ser√° considerado um diferencial.
‚Ä¢ Superior Completo/Cursando na √°rea da TI;
‚Ä¢ Experi√™ncia com suporte e programa√ß√£o.

Area

Inform√°tica- TI- Internet e Telecomunica√ß√£o

Experi√™ncia

N√£o

Escolaridade

Ensino Superior"
3,Desenvolvedor C++,"Desenvolvimento de sistemas embarcados- integra√ß√£o com hardware- jogos para arcade.
Tarefas e Responsabilidades:
Desenvolvimento de Sistemas & M√≥dulos em C/C++- Bash Scripts;
Coopera√ß√£o entre equipes;
Desenvolvimento m√≥dulos- novas fun√ß√µes e manuten√ß√£o;
Utilizar na programa√ß√£o os padr√µes definidos pelo time de desenvolvimento;"
4,Analista Programador,Atuar com participa√ß√£o em projetos- programa√ß√£o- an√°lise e implanta√ß√£o de melhorias- testes etc. Ensino Superior completo ou cursando em Ci√™ncia da Computa√ß√£o- An√°lise de Sistemas ou √°reas correlatas. Experi√™ncia em programa√ß√£o- preferencialmente em PHP ou Delphi.
5,Analista De Sistema (Programa√ß√£o Web),"- Desenvolver sistemas em interface Web;
- Realizar as devidas manuten√ß√µes nos servidores Web- hospedagem das aplica√ß√µes e pelo banco de dados do Portal Corporativo."
6,Auxiliar de Programa√ß√£o e Controle de Manuten√ß√£o,Curso em andamento na √°rea de manuten√ß√£o mec√¢nica ou el√©trica. Ingl√™s B√°sico; Conhecimento Intermedi√°rio do Pacote Office; Conhecimentos em teorias de manuten√ß√£o (preventiva- preditiva e corretiva). Conhecimento em estruturas- pe√ßas e ferramentas de manuten√ß√£o. Conhecimento em fluxogramas de manuten√ß√£o. Planilhas de controle. Atualizar dados em sistemas de manuten√ß√£o preventiva (Totvs- SAP ou afim)- este n√£o obrigat√≥rio Cadastros em geral no sistema de manuten√ß√£o preventiva (Totvs)- Emiss√£o de (ordem de servi√ßo) corretivas- Elabora√ß√£o do plano de manuten√ß√£o preventiva semanal- fazer a comunica√ß√£o do setor de manuten√ß√£o- reportar o andamento das atividades de manuten√ß√£o ao respons√°vel do setor Hor√°rio de trabalho das 08:00 as 12:00 e das 14:00 as 16:00. Sal√°rio da categoria + Benef√≠cios; **Tipo de vaga**: Tempo Integral- Efetivo/CLT A combinar A combinar - Divulga Vagas
7,Analista de Desenvolvimento de Sistemas,Programa√ß√£o de Sistemas Web na Linguagem C# em Framework .NET e WebAPI com padr√£o de arquitetura de software MVC. Desenvolvimento de Single Page Applications em HTML 5- CSS 3 e Javascript utilizando frameworks como JQuery e Knockout JS e Angular JS. Programa√ß√£o em tecnologias de transporte de dados XML- JSON e AJAX. Utiliza√ß√£o de Diagrama de Entidade e Relacionamento de banco de dados. Programa√ß√£o de linguagem de banco de dados TSQL/PSQL. Atua√ß√£o com ferramenta de controle de fluxo de tarefas di√°rias e lan√ßamento de horas de trabalho. Desenvolvimento com base em padr√µes definidos pelo departamento. Ensino Superior cursando em Engenharia de Software- Sistemas para Internet ou Ci√™ncia da Computa√ß√£o. Desej√°vel Ingl√™s t√©cnico intermedi√°rio √† avan√ßado. Desej√°vel experi√™ncia com tecnologias Web (HTML- CSS- ASP- XML e Javascript)- Frameworks jQuery e Angular JS / Knockout JS- programa√ß√£o orientada a objetos. Prefer√™ncia com experi√™ncia em C# e programa√ß√£o de banco de dados TSQL ou PSQL No√ß√µes da Metodologia de Processos SCRUM
8,T√©cnico em Programa√ß√£o de Computador,"Auxiliar tecnicamente o desenvolvimento- programa√ß√£o e manuten√ß√£o de sistemas informatizados. Realizar instala√ß√£o e manuten√ß√£o de software e hardware. Controlar e monitorar ambiente operacional da rede de computadores. Receber e transmitir dados. Executar implanta√ß√£o f√≠sica de projetos de rede de computadores. Prestar assist√™ncia t√©cnica na instala√ß√£o e utiliza√ß√£o de equipamentos de inform√°tica. Prestar suporte ao usu√°rio.
Auxiliar tecnicamente o desenvolvimento- programa√ß√£o e manuten√ß√£o de sistemas informatizados. Realizar instala√ß√£o e manuten√ß√£o de software e hardware. Controlar e monitorar ambiente operacional da rede de computadores. Receber e transmitir dados. Executar implanta√ß√£o f√≠sica de projetos de rede de computadores. Prestar assist√™ncia t√©cnica na instala√ß√£o e utiliza√ß√£o de equipamentos de inform√°tica. Prestar suporte ao usu√°rio."
9,Analista de Sistemas (programa√ß√£o Totvs),"- Atendimento aos usu√°rios
- Avalia√ß√£o e programa√ß√£o para novas customiza√ß√µes no sistema
- Acompanhamento das atualiza√ß√µes do sistema disponibilizadas pelo fornecedor
- Manuten√ß√µes preventivas nos servidores do sistema"
10,Coordenador de programa√ß√£o,Coordenador de programa√ß√£o Benef√≠cios Refeit√≥rio Plano de sa√∫de Vale Alimenta√ß√£o Plano Odontol√≥gico Participa√ß√£o nos Lucros Educa√ß√£o Ensino M√©dio (2o. Grau) completo Forma√ß√£o superior completa Detalhes √Årea: Administrativo N√≠vel: Operacional Tipo de Contrato: CLT Atividades: - Fazer gest√£o de pessoas do setor acompanhando o absente√≠smo- libera√ß√£o para NR- atendimento aos colaboradores referente a experi√™ncia- faltas- medidas administrativas- programa√ß√£o de f√©rias- rescis√£o- per√≠odo de experi√™ncia- conflitos e demais atividades correlacionadas a lideran√ßa. - Acompanhar o plano de produ√ß√£o di√°rio e distribuir atividades- cumprindo com o planejamento estabelecido- com foco nos rendimentos da produ√ß√£o. - Coordenar e orientar a equipe na realiza√ß√£o das atividades- receber e verificar relat√≥rios da qualidade- servi√ßo de inspe√ß√£o e da sa√∫de e seguran√ßa a fim de tratar as n√£o conformidades dos processos. - Desempenhar outras atividades correlatas √† fun√ß√£o. Requisitos adicionais: - Ensino m√©dio completo; - Ensino superior e/ou experi√™ncia com lideran√ßa ser√£o considerados um diferencial; - Disponibilidade para trabalhar no 1T. Beneficios: Forma√ß√£o Acad√™mica: N√£o informado Experi√™ncia: Sal√°rio: A combinar Cargo: Programador Empresa: Emprego Rural Atua como site de empregos. Ramo: Servi√ßosCadastre seu curr√≠culo e garanta sua nova vaga agora mesmo
11,Facilitador(a) de Ensino de Programa√ß√£o,"N√≠vel: Analista
√Årea: Tecnologia da Informa√ß√£o
Escolaridade: Ensino m√©dio t√©cnico - Completo
Tipo de contrato: CLT
Jornada de trabalho: Hor√°rio comercial de Segunda √† Sexta (40 horas semanais).
Disponibilidade para home-office

Responsabilidades e Experi√™ncias desej√°veis:

A Kenzie

Somos uma Edtech que tem como foco formar os melhores desenvolvedores full stack junior do mercado. Aceleramos talentos- onde os alunos estudar√£o desenvolvimento de software- com imers√µes pr√°ticas e treinamentos de habilidades comportamentais. E somente quando conseguirem o seu emprego- ir√£o pagar pelo curso realizado.

O desafio

Se voc√™ tem paix√£o em desenvolver pessoas e por tecnologia- queremos voc√™ no nosso time! Seu principal desafio ser√° de garantir que as condi√ß√µes para que o aprendizado ocorra- ajudando os aspirantes a desenvolvedores a encontrar respostas aos desafios propostos e acompanhar suas atividades no dia a dia.

Nossa abordagem se d√° atrav√©s de uma metodologia voltada para a pr√°tica e conduzindo todo o processo de maneira transparente e inovadora.

Tarefas e Responsabilidades
‚Ä¢ Ter√° o papel de facilitador- orientando e direcionando os aspirantes a desenvolvedor na elabora√ß√£o de solu√ß√µes aos desafios propostos;
‚Ä¢ Acompanhar de perto e contribuir de forma geral para o desenvolvimento t√©cnico e comportamental de cada aluno;
‚Ä¢ Garantir a melhor metodologia de absor√ß√£o das compet√™ncias por parte dos alunos;
‚Ä¢ Avaliar continuamente o desempenho e desenvolvimento do aluno durante a atividade te√≥rica e pr√°tica;
‚Ä¢ Organizar e acompanhar os alunos complementando o plano de aulas com o objetivo de promover a ader√™ncia aos conte√∫dos te√≥ricos e pr√°ticos ministrados em aula;
‚Ä¢ Auxiliar o Instrutor das aulas- com as atividades e demandas do dia a dia.

Conhecimentos desej√°veis:
‚Ä¢ Experi√™ncia em HTML5- CSS3- JavaScript (Vanilla)
‚Ä¢ Desej√°vel j√° ter ministrado aulas (ingl√™s- inform√°tica ou programa√ß√£o) ainda que de forma informal ou a pares e profissionais da mesma equipe com menos senioridade;
‚Ä¢ Criatividade- pro-atividade e senso de ownership;
‚Ä¢ Perfil did√°tico e comunicativo.

O que oferecemos
‚Ä¢ Muita imers√£o de conhecimentos e acesso as principais ferramentas e tecnologias;
‚Ä¢ Autonomia e oportunidade de desenvolver algo √∫nico;
‚Ä¢ Remunera√ß√£o competitiva e benef√≠cios;
‚Ä¢ Ambiente descontra√≠do e inspirador em uma startup em expans√£o"
12,Professor(a)/Instrutor(a) de Programa√ß√£o para crian√ßas,"Ol√°!

Estamos com vaga para trabalhar como Instrutor(a) de Programa√ß√£o e Rob√≥tica em nossa unidade de .

Se voc√™ √© uma pessoa comunicativa- gosta de crian√ßas e gosta de transmitir o seu conhecimento- venha fazer parte da fam√≠lia SuperGeeks. Temos vagas para perfil j√∫nior- pleno e s√™nior.

O Instrutor(a) dar√° aulas para crian√ßas de 5 at√© 16 anos- por isso- precisamos de pessoas que gostem de crian√ßas e adolescentes e tenham grande responsabilidade.

Se voc√™ tem paix√£o por tecnologia- gosta de aprender e ensinar- tem bons conhecimento em ao menos uma linguagem de Programa√ß√£o- candidate-se imediatamente."
13,Gerente T√©cnico de Programa√ß√£o Dv,"Atividades(a) serem desempenhadas Coordenar(a) grade d programa√ß√£o da emissora as atividades de opera√ß√£o de sistemas de televis√£o nas fazes de planejamento e execu√ß√£o financeiros e uso de equipamentos
Gerenciar equipe de trabalho orientar apresentadores produ√ß√£o em eventos externos e preparar os est√∫dios e cen√°rios para grava√ß√£o
Administrar trafego de sinal produzir e orientar(a) produ√ß√£o dos programas Supervisionar(a) parte art√≠stica e t√©cnica como cenografia sonoplastia efeito de imagens e coreografia R A combinar (a) combinar Divulga Vagas"
14,Programador Full Stack Front e Back,Programador Full Stack Front e Back Desenvolver sistemas e aplica√ß√µes- determinando interface gr√°fica- crit√©rios ergon√¥micos de navega√ß√£o- montagem da estrutura de banco de dados e codifica√ß√£o de programas. Projetar- implantar e realizar manuten√ß√£o de sistemas e aplica√ß√µes. Selecionar recursos de trabalho- tais como metodologias de desenvolvimento de sistemas- linguagem de programa√ß√£o e ferramentas de desenvolvimento e planejar etapas e a√ß√µes de trabalho. CONHECIMENTOS E HABILIDADES: Conhecimento em plataformas e metodologias de desenvolvimento de sistemas l√≥gica de programa√ß√£o preferencialmente: Linguagem de programa√ß√£o -> PHP- javascript (NodeJs- React Native)- banco de dados Mysql/MariaDB- GIT e SQLLite. EXPERI√äNCIAS PROFISSIONAIS: Candidato que tenha participado de projetos com arquitetura MVC e REST para API- com pelo menos 1 a 2 anos em programa√ß√£o de sistemas de m√©dia complexidade. Experi√™ncia com programa√ß√£o WEB e aplicativo para Android. Beneficios: Forma√ß√£o Acad√™mica: N√£o informado Experi√™ncia: Sal√°rio: A combinar Cargo: Desenvolvedor Full Stack Empresa: LINK CAPITAL HUMANO CONSULTORIA E TREINAMENTO LTDA Atividades de consultoria em gest√£o empresarial- exceto consultoria t√©cnica espec√≠fica Ramo: Recursos Humanos/ Recrutamento e sele√ß√£oConquiste um novo emprego o quanto antes
15,Est√°gio na √°rea de Programa√ß√£o Web,Dever√° estar cursando: Ensino Superior em An√°lise de Sistemas- Sistemas para Internet- Ci√™ncia da Computa√ß√£o- Engenharia da Computa√ß√£o e similares. Desenvolvimento de sistemas Web e Mobile (Android)- incluindo integra√ß√£o e testes. Versionamento em GIT- linguagens de programa√ß√£o Java- PHP- Framework Android- jQuery- MySQL- conhecimento com Linux/Unix. Ser√° considerado diferencial: TDD e automatiza√ß√£o de testes.
16,Estagi√°rio de Programa√ß√£o,"Descri√ß√£o:

Atividades voltadas √† desenvolvimento de tecnologia (SQL e JavaScript).

Desenvolvimento web

Ir√° trabalhar com Tecnologias relacionadas a Javascript- Vue e Postgre

Idiomas:

Ingl√™s - N√≠vel Intermedi√°rio

Outros requisitos:
‚Ä¢ Necess√°rio superior cursando em √°reas de Tecnologia.

Imprescind√≠vel conhecimento intermedi√°rio em SQL

Imprescind√≠vel conhecimento intermedi√°rio JavaScript"
17,Programador de Centro de Usinagem,"Descri√ß√£o Geral:- leitura e interpreta√ß√£o de desenho;
- curso em programa√ß√£o de centro de usinagem;
- curso em mec√¢nica b√°sica ou t√©cnico em mec√¢nica;
- conhecimento em comando fanuc e siemens;
- desej√°vel experi√™ncia em usinagem de precis√£o para/em empresas de √≥leo e g√°s;

Realizar atividades de programa√ß√£o de centro de usinagem e preparar e ajustar m√°quinas de usinagem cnc. Realizar ajustes de ferramentas- testes e controle de ferramentas e interpretar desenhos- esbo√ßos- modelos e especifica√ß√µes. Documentar atividades com preenchimento de fichas- relat√≥rios e controle estat√≠stico de processos."
18,ANALISTA DE PROGRAMA√á√ÉO,"Atividades Profissionais

Contagem de bobinas- distribui√ß√£o de etiquetas nos quadros kanbam- participa√ß√£o em invent√°rios f√≠sicos- verificar disponibilidade de mat√©ria prima para programar produ√ß√£o- trabalhar com prioriza√ß√£o de produ√ß√£o conforme necessidade.

Requisitos

Experi√™ncia:

Ensino M√©dio T√©cnico completo em Log√≠stica- Administra√ß√£o ou cursando superior.

Outras informa√ß√µes:

Vaga tamb√©m para Pessoas Portadoras de Defici√™ncia. Disponibilidade para atuar em turnos

Dados de Contrata√ß√£o

Regime de contrata√ß√£o:

A combinar

Benef√≠cios da vaga de emprego:

A combinar

√Åreas:

Inform√°tica /TI / Engenharia da Computa√ß√£o (Inform√°tica)

Internet/ E-Commerce/ E-Business/ Web/ Web Designer (Inform√°tica)

N√≠veis:

Profissional especializado com curso superior (Profissional)"
19,Desenvolvedor java fullstack j√∫nior/pleno,"Conhecimentos t√©cnicos em Programa√ß√£o e estar atuando com :Java Spring Boot- JavaFX- HTML 5- Oracle e JQuery;

Desej√°vel experi√™ncia em Angular ou React;

Excelente l√≥gica de programa√ß√£o;

Experi√™ncia em programa√ß√£o back end e front end;

Experi√™ncia em SQL Server;

Ensino Superior em √°reas relacionadas √† TI.

Caracter√≠sticas pessoais
‚Ä¢ Resiliente e adapt√°vel
‚Ä¢ Proativo e colaborativo (Fazer com as pessoas)
‚Ä¢ Comunicativo e Habilidade de relacionamento interpessoal
‚Ä¢ Trabalhar em equipe e Senso de urg√™ncia e organiza√ß√£o
‚Ä¢ Empreendedor e inovador

Desenvolver sistemas e aplica√ß√µes em linguagem Java- Javascript.

Atuar em back-end (servidor- banco de dados- modelagem- programa√ß√£o- estrutura√ß√£o de dados e implementa√ß√£o) e front-end (interface).

Realizar corre√ß√µes em sistemas para atender demandas atuais.

Desenvolver trabalhos de montagem- depura√ß√£o e testes de programas desenvolvidos."
20,Vaga para Analista de Log√≠stica Jr. (Programa√ß√£o,Planejamento e programa√ß√£o de cargas. Controle de demandas e ve√≠culos. Prospec√ß√£o de terceiros- agregados- etc. Negocia√ß√£o de frete. Dentre outras atividades. Ensino Superior cursando. Experi√™ncia com programa√ß√£o de cargas (√°rea de transporte/log√≠stica). Excel intermedi√°rio (procv- tabela din√¢mica- gr√°ficos- etc). R$ A COMBINAR Para maiores detalhes desta vaga- acesse: https://selecaoprofissional.com.br/vaga/analista-de-log√≠stica-jr--programacao-de-cargas--em-sao-jose-dos-pinhais-pr-37595 Especialista com Curso SuperiorLog√≠stica A combinar - Divulga Vagas
21,Facilitador de ensino de programa√ß√£o - Node/Python,"Nosso cliente √© uma Edtech que tem como foco formar os melhores desenvolvedores full stack junior do mercado.

Seu principal desafio ser√° de garantir que as condi√ß√µes para que o aprendizado ocorra- ajudando os aspirantes a desenvolvedores a encontrar respostas aos desafios propostos e acompanhar suas atividades no dia a dia.

A abordagem se d√° atrav√©s de uma metodologia voltada para a pr√°tica e conduzindo todo o processo de maneira transparente e inovadora.

Ter√° o papel de facilitador- orientando e direcionando os aspirantes a desenvolvedor na elabora√ß√£o de solu√ß√µes aos desafios propostos
Acompanhar de perto e contribuir de forma geral para o desenvolvimento t√©cnico e comportamental de cada aluno;
Garantir a melhor metodologia de absor√ß√£o das compet√™ncias por parte dos alunos;
Avaliar continuamente o desempenho e desenvolvimento do aluno durante a atividade te√≥rica e pr√°tica;
Organizar e acompanhar os alunos complementando o plano de aulas com o objetivo de promover a ader√™ncia aos conte√∫dos te√≥ricos e pr√°ticos ministrados em aula;
Auxiliar o Instrutor das aulas- com as atividades e demandas do dia a dia"
22,Webdesigner Banco de Dados Programa√ß√£o,WebDesigner que saiba SQL e desenvolvimento de p aacute ginas na WEG Phyton HTML etc
23,Desenvolvedor Java,"Experi√™ncia com desenvolvimento de sistemas- com linguagem de programa√ß√£o Java
Experi√™ncia com desenvolvimento para ambiente Unix/Linux
Experi√™ncia com programa√ß√£o concorrente- t√©cnicas para depura√ß√£o de c√≥digo- programa√ß√£o orientada a objetos e
design patterns - programa√ß√£o utilizando chamadas REST/JSON
Experi√™ncia com TDD e BDD
Conhecimento de estrutura de dados- algoritmos e an√°lise de complexidade
Conhecimentos b√°sicos de protocolos de comunica√ß√£o TCP/UDP- Elasticsearch e Kibana
Experi√™ncia com Microservi√ßos - Devops Mesos- Docker- Marathon hproxy load balance‚Äù
Experi√™ncia com Oracle- Cassandra e Mysql
Experi√™ncia com desenvolvimento de arquitetura cliente servidor- desenvolvimento e acompanhamento t√©cnico do time
Perfil orientador

Desej√°veis
Experi√™ncia com Scrum- Lean ou Kanban
Certifica√ß√£o de programador Java

Experi√™ncia com NodeJS

Principais atividades

Discutir com o time a arquitetura dos sistemas e ajuda los nas decis√µes t√©cnicas apresentando alternativas para os diversos desa fios
Participar nas melhorias do processo de desenvolvimento do time ( DoJo - Pair e afins"
24,Est√°gio: Programa√ß√£o,realizar a manuten√ß√£o de sistemas- assessorar na cria√ß√£o de novos programas- lan√ßar documentos no sistema- manter o controle de qualidade dos sistemas- prestar suporte t√©cnico aos clientes
25,Coordenador de Programa√ß√£o,"Experiencia na fun√ß√£o;

Necess√°rio DRT de Coordenador de programa√ß√£o ou de Radialista Pleno ativa no site do Minist√©rio do trabalho.

Trabalhar em equipe;

Demonstrar capacidade de iniciativa;

Demonstrar capacidade de concentra√ß√£o;

Demonstrar capacidade de organiza√ß√£o;

Demonstrar racioc√≠nio l√≥gico"
26,Desenvolvedor RPA junior,"A EY √© uma das maiores multinacionais de servi√ßos de auditoria- impostos- consultoria e transa√ß√µes corporativas. Nossas pessoas formam uma rede de conhecimento que gera e compartilha experi√™ncias e capacidade t√©cnica para entender e superar os mais variados desafios em um ambiente de neg√≥cios cada vez mais integrado e competitivo.

A √°rea de Consulting da EY adota uma abordagem estrat√©gica para assessorar os clientes a melhorar e sustentar o desempenho de suas empresas. No complexo ambiente de neg√≥cios de hoje- isso significa entender a rela√ß√£o entre risco e melhoria de desempenho e aplicar seus conhecimentos a fim de auxiliar os clientes a alcan√ßar seus objetivos estrat√©gicos nos mais diversos Setores da Economia.

Requisitos para a posi√ß√£o de desenvolvedor de RPA:
‚Ä¢ Gradua√ß√£o nos cursos de Ci√™ncias da Computa√ß√£o- Sistemas de Informa√ß√£o- Engenharia da Computa√ß√£o- An√°lise de Sistemas ou correlatos e diferencial na parte acad√™mica seria mestrado ou doutorado relacionados a Computa√ß√£o e/ou Automa√ß√£o / Robotiza√ß√£o.
‚Ä¢ Experi√™ncia em ferramentas de automa√ß√£o / robotiza√ß√£o e programa√ß√£o de computadores. Dentre as ferramentas que este profissional precisa / deve conhecer- temos: Blue Prism- Automation Anywhere- UiPath- SQL Server e linguagens de programa√ß√£o.
‚Ä¢ Habilidade para trabalhar em equipe e atender a prazos de projetos.
‚Ä¢ Ingl√™s avan√ßado.
‚Ä¢ Disponibilidade para viagens.

Responsabilidades:
‚Ä¢ Atuar em projetos de implementa√ß√£o de melhorias e solu√ß√µes de TI para clientes em diversos setores.
‚Ä¢ Atuar em projetos com foco em automa√ß√£o de processos e rob√≥tica (RPA) apresentando conhecimento de ferramentas de robotiza√ß√£o (Blue Prism- Automation Anywhere- UiPath- etc.)- conhecimento de t√©cnicas de automa√ß√£o (ex.: VBA) e de programa√ß√£o- conhecimentos em bancos de dados relacionais (SQL Server- Oracle- etc.) e conhecimentos sobre arquitetura sist√™mica- engenharia de software e seguran√ßa da informa√ß√£o.

A EY acredita na igualdade de oportunidades. Independentemente de g√™nero- idade- ra√ßa- cor- credo- orienta√ß√£o sexual- etnia ou origem nacional e defici√™ncia- consideraremos em nossos processos todas as pessoas que se candidatem e apresentem as qualifica√ß√µes requeridas .

Todas as nossas oportunidades de trabalho est√£o abertas para pessoas com defici√™ncia"
27,Programa√ß√£o Php (Home Office),Atuar com programa√ß√£o/desenvolvimento em linguagem PHP. Atuar com an√°lise e desenvolvimento de projetos em plataforma de E-commerce. Participar de projetos- entre outras atividades pertinentes a fun√ß√£o. Possibilidade de contrata√ß√£o CLT ou PJ; Possibilidade de atua√ß√£o Home Office ou presencial. Cidades das vagas: Americana- SP ou Mar√≠lia- SP
28,Professor Instrutor de Programa√ß√£o Dv,"Requisitos
Ter cursado ou estar cursando ensino superior noturno em cursos relacionados(a) Ci√™ncia da Computa√ß√£o Desenvolvimento de Sistemas ou Jogos Digitais
Excelente capacidade de comunica√ß√£o e escrita
Experi√™ncia em desenvolvimento programa√ß√£o
Gostar de Programar
Ser apaixonado(a) por tecnologia
Ter ministrado aulas e ingl√™s ser√£o diferenciais

Oferecemos
Uma cultura que valoriza(o) compromisso com(a) excel√™ncia
Ambiente leve e estimulante com oportunidades unicas de colocar(a) m√£o na massa e aprender
Acesso √†s tecnologias mais recentes do Mercado
Acesso √† equipes com grande conhecimento t√©cnico

Necess√°rio
Conhecimento em opera√ß√µes aritm√©ticas l√≥gica e l√≥gica aplicada(a) programa√ß√£o

Conhecimento em sistemas operacionais e funcionamento geral de sistemas de computa√ß√£o
N√£o precisa ser administrador mas deve saber operar e configurar para uso em sala de aula e apoio aos alunos
Conhecimento em linguagens de programa√ß√£o
(a) N√£o precisa ser programador mas deve conhecer linguagens de programa√ß√£o para fins did√°ticos
b Conhecimento em teoria de banco de dados e pr√°ticas did√°ticas para programa√ß√£o de funcionalidades comuns em b d
Disponibilidade para atuar na cidade de Taquaritinga SP em hor√°rio comercial de segunda(a) sexta feira R A Combinar A combinar Compat√≠veis com(o) mercado Divulga Vagas"
29,Analista Programador ‚Äì Pleno,"Especialista em tecnologia- buscando constantemente atualiza√ß√£o tecnol√≥gica- participa da fase de desenvolvimento de requisitos e da programa√ß√£o de computadores- incluindo desenvolvimento- testes e implementa√ß√£o e- eventualmente- efetuar visita a clientes.

Atividades

Efetuar visitas externas a clientes para implanta√ß√£o/treinamento do sistema.
Visitar para analisar e identificar as necessidades dos novos projetos em clientes.
Apoiar o l√≠der da √°rea no desenvolvimento dos sistemas.
Efetuar o planejamento e execu√ß√£o de projetos (novos e em andamento).
Efetuar plant√£o de emerg√™ncia para clientes.
Efetuar treinamento interno para os colaboradores da empresa.
Fornecer suporte a clientes sobre as funcionalidades do sistema.
Analisar o projeto para defini√ß√£o das etapas e funcionalidades do sistema a ser desenvolvido ‚Äì Programa√ß√£o.
Efetuar e acompanhar as etapas do desenvolvimento do sistema- teste e implementa√ß√£o do novo sistema."
30,Programador De Maquina Laser,"Com experi√™ncias nas rotinas abaixo:
1) Incluir- atualizar ou ajustar desenhos no sistema (software programa√ß√£o) quando solicitado- interpretando desenhos planificados enviados pela Engenharia- verificando escalas- fura√ß√µes- espessura e especifica√ß√µes maquina laser ou puncionadeira;

2) Aplicar tecnologia na pe√ßa com auxilio do software BYSOFT6 Bystronic e TRU TOPS Trumpf conforme material- espessura e g√°s- observando seq√º√™ncias das opera√ß√µes- atentando-se furos e recortes geometria da pe√ßa;

4) Programar maquina laser e puncionadeira de acordo com a programa√ß√£o enviada PCP (O.P ordem de produ√ß√£o) otimizando chapa e buscando melhor aproveitamento- atentar-se com espessura- tipo do material- quantidade de horas e datas;

5) Controlar retalhos oriundos da programa√ß√£o laser- sempre que poss√≠vel programar em retalhos- evitando acumulo;

6) Disponibilizar plano de corte di√°rios para as maquinas laser- a ser entregue ao operador baseado em horas trabalhadas respeitando data e prioridade;

7) Acompanhar operadores caso houver problemas de programa√ß√£o e hora maquina.

8) Simular ou verificar tempo de pe√ßas- quando solicitado pelo Comercial ou Engenharia para fins de cota√ß√µes

Curso de programador laser e puncionadeira / Auto Cad ou Solidwork;
Mec√¢nica b√°sica ou Operador de processo de produ√ß√£o;

CONHECIMENTOS
DESEJADOS
Curso de programador laser e puncionadeira

ESSENCIAIS
Auto Cad ou Solidwork;
Mec√¢nica b√°sica ou Operador de processo de produ√ß√£o;

A Combinar A combinar A combinar - Divulga Vagas"
31,AUXILIAR DE PROGRAMA√á√ÉO ‚Äì PCD,"√Årea De Atua√ß√£o

Inform√°tica / TI / Tecnologia

Localiza√ß√£o

Curitiba-PR

Atribui√ß√µes

contagem de bobinas- distribui√ß√£o de etiquetas nos quadros kanbam- participa√ß√£o em invent√°rios f√≠sicos- verificar disponibilidade de mat√©ria prima para programar produ√ß√£o- trabalhar com prioriza√ß√£o de produ√ß√£o conforme necessidade.

Requisitos
‚Ä¢ Ensino M√©dio T√©cnico Completo em Log√≠stica- Administra√ß√£o ou cursando superior

Escolaridade M√≠nima Exigida

Sem informa√ß√£o"
32,Est√°gio em Desenvolvimento (Programa√ß√£o) - Remote Work,"Nosso Cliente:

A KORP √© uma solu√ß√£o especializada em desenvolvimento de sistemas ERP no segmento de manufatura- que atende √†s necessidades das ind√∫strias de produ√ß√£o por processo e discreta. Desenvolvida por engenheiros de produ√ß√£o- dentro da ind√∫stria- para proporcionar recursos sofisticados de an√°lises e simula√ß√µes em tempo real e fazendo com que as empresas rompam limites com o poder da tecnologia.

‚ñ∂A Vaga:
EST√ÅGIO EM DEV

‚ñ∂Tarefas:
Desenvolvimento e Manuten√ß√£o do Sistema da Korp.

‚ñ∂Responsabilidades:
Agilidade e qualidade no desenvolvimento ou manuten√ß√£o dos c√≥digos.

‚ñ∂O que buscamos para iniciar o processo:
N√£o √© necess√°rio experi√™ncia
Gostar da regra de neg√≥cio da ind√∫stria
Gostar de trabalhar com Back End
Perfil Executor e Analista
Curiosidade
Honestidade
Senso de urg√™ncia
Ensino m√©dio t√©cnico ou superior em andamento

‚ñ∂Stacks da vaga: (o que voc√™ vai aprender)
Delphi Berlin
Programa√ß√£o Orientada ao Objeto ‚Äì POO
Banco de Dados SQL Server
Conceitos de BDD (Domain Driven Design) e ORM (Object-realational mapping)

‚ñ∂Hor√°rio de trabalho: 6 horas di√°rias (pode ser flexibilizado)

‚ñ∂Remunera√ß√£o: 1-2k

‚ñ∂Benef√≠cios:
VT
Ambiente agrad√°vel de trabalho com pipoqueira- biblioteca- dia da fruta! üçéüçåüçì (suspenso) ‚ñ∂ Como participar? ‚úîü§©
Fazer o apply da vaga para fazer as avalia√ß√µes online e participar da entrevista.
Fique de olho no seu e email- pois daremos continuidade no processo por ele"
33,Desenvolvedor PHP,"Principais atividades

Desenvolvedor (a) PHP Pleno Brasil | Desenvolvimento de Software | Full-time | Fully remote.A vaga Buscamos um(a) profissional apaixonado(a) por tecnologia- que desenvolva em backend com PHP7+ e busque entregar solu√ß√µes de qualidade aplicando as melhores pr√°ticas de programa√ß√£o- tais como SOLID e GRASP. Essa vaga se destina a profissionais antenados- interessados em evolu√ß√£o cont√≠nua- sejam curiosos e acompanhem as melhores tend√™ncias em desenvolvimento. Para entrar em um dos nossos times- voc√™ n√£o precisa dominar todas as tecnologias listadas- apenas ter um bom conhecimento nos requisitos essenciais para PHP. O que √© indispens√°vel para a vaga? Experi√™ncia com desenvolvimento em PHP7+;Conhecimento em MySQL;Conhecimento em Orienta√ß√£o a Objetos;Conhecimento em boas pr√°ticas de programa√ß√£o (SOLID)Experi√™ncia com testes;Git;Ser uma pessoa flex√≠vel e por dentro das novidades tecnol√≥gicas;

Escolaridade m√≠nima
Superior Completo

Habilidades esperadas
Grande capacidade de aprendizado para novas pr√°ticas- tecnologias- linguagens de programa√ß√£o e culturas de engenharia. Ser√° um diferencial se: No√ß√µes de Docker e Composer;Conhecimento em Hexagonal Architecture e Clean ArchitectureExperi√™ncia com code reviewConhecimento dos princ√≠pios de boas pr√°ticas GRASPConhecimento em Restful API;"
34,Analista de programa√ß√£o,"Atividades a serem desenvolvidas:

Desenvolvimento- suporte e manuten√ß√£o nos softwares internos;

Suporte aos clientes internos

Requisitos e qualifica√ß√µes:

Boa l√≥gica de programa√ß√£o;

Capacidade de adapta√ß√£o;

Linguagens e ferramentas necess√°rias:

Java;

SQL;

PostgreSQL;

Excel;

Forte senso de responsabilidade;

Capacidade de trabalho em equipe;

Diferencial:

Flexibilidade no desenvolvimento entre projetos"
35,PROGRAMADOR DE ROB√î,"Especifica√ß√£o da Vaga
Resumo das atividades :
‚Ä¢ Programa√ß√£o de rob√¥s de solda;
‚Ä¢ Medi√ß√£o de tempos;
‚Ä¢ Elabora√ß√£o de procedimentos para colocar pe√ßas em c√©lula robotizada;
‚Ä¢ Realizar ajustes em programas;
‚Ä¢ Realizar pequenas manuten√ß√µes na c√©lula robotizada.
‚Ä¢ Necess√°rio :
‚Ä¢ Ensino M√©dio Completo
‚Ä¢ Curso na √°rea de rob√≥tico / mecatr√¥nica
‚Ä¢ Conhecimento em Word;
‚Ä¢ Conhecimento em Excel;
‚Ä¢ Conhecimento em programa√ß√£o de rob√¥s;
‚Ä¢ Desej√°vel:
‚Ä¢ Curso de rob√≥tica Industrial.
‚Ä¢ Conhecimento em Solidworks ou Equivalente;

Requisitos e Habilidades
Escolaridade
‚Ä¢ a partir de Ensino M√©dio Completo"
36,Interc√¢mbio em desenvolvimento e programa√ß√£o de software,"INTEREDES SAS √© uma empresa de desenvolvimento de software- terceiriza√ß√£o de tecnologia da informa√ß√£o e telecomunica√ß√µes colombiana. Nesta vaga- voc√™ ser√° colaborador na arquitetura e desenvolvimento de software em projetos- e na implanta√ß√£o de estrat√©gias t√©cnicas de desenvolvimento de software.

Certifica√ß√£o Conhecimento
Ingl√™s intermedi√°rio ou avan√ßado- ter entre 18-30 anos- e alguma experi√™ncia pr√©via com a √°rea- disponibilidade para realizar um interc√¢mbio

Hor√°rio de Trabalho
Segunda a sexta- das 8h √†s 17h"
37,Procuramos professor particular de Programa√ß√£o em Feij√≥,"mpresaSuperprof √© uma plataforma para se compartilhar conhecimentos que coloca em rela√ß√£o aqueles que desejam ensinar e aqueles que desejam aprender.
Miss√£oL√≠der no Brasil e na Europa no mercado das aulas particulares- Superprof est√° presente tamb√©m em todos os continentes e procura professoras e professores para ministrar aulas particulares para os alunos que contactam o Superprof diariamente.

Procuramos professores em diversos dom√≠nios: disciplinas escolares- l√≠nguas- m√∫sica- esportes...

Em fun√ß√£o de seus conhecimentos e experi√™ncias- voc√™ pode propor aulas e criar quantos an√∫ncios desejar. Junte-se √† equipe do Superprof ao clicar aqui e ministrar aulas particulares a alunos pr√≥ximos de voc√™ e em todos os n√≠veis.

Perfil:

- Voc√™ possui um diploma de ensino m√©dio (m√≠nimo)

- Voc√™ deseja transmitir seus conhecimentos- sua paix√£o- aos alunos

- Voc√™ √© paciente- pontual e possui uma boa pedagogia
Vantagens‚Ä¢ Uma remunera√ß√£o bem satisfat√≥ria e sem surpresas

‚Ä¢ Amplo dom√≠nio de sua agenda

‚Ä¢ Milhares de alunos ao seu alcance

‚Ä¢ Possibilidade de dar aulas por webcam"
38,Analista de Programa√ß√£o (BB-EF57F),"Descri√ß√£o Escolaridade: Gradua√ß√£o Curso de Forma√ß√£o: Superior completo ou cursando- Engenharia de computa√ß√£o- Tecnologia da informa√ß√£o- Log√≠stica- Economia e Administra√ß√£o; Melhorias e manuten√ß√£o de relat√≥rios; Prepara√ß√£o de bases para KPI e controles; Desenvolvimento e elabora√ß√£o de relat√≥rios gerenciais; Conhecimento e desenvolvimento em linguagem de programa√ß√£o em SQL; Per√≠odo: Segunda √° sexta-feira Observa√ß√µes Conhecimentos em VBA ou RPA.Qualifica√ß√£o:
"
39,Procuramos professor particular de Programa√ß√£o em Itu,"EmpresaSuperprof √© uma plataforma para se compartilhar conhecimentos que coloca em rela√ß√£o aqueles que desejam ensinar e aqueles que desejam aprender.
Miss√£oL√≠der no Brasil e na Europa no mercado das aulas particulares- Superprof est√° presente tamb√©m em todos os continentes e procura professoras e professores para ministrar aulas particulares para os alunos que contactam o Superprof diariamente.

Procuramos professores em diversos dom√≠nios: disciplinas escolares- l√≠nguas- m√∫sica- esportes...

Em fun√ß√£o de seus conhecimentos e experi√™ncias- voc√™ pode propor aulas e criar quantos an√∫ncios desejar. Junte-se √† equipe do Superprof ao clicar aqui e ministrar aulas particulares a alunos pr√≥ximos de voc√™ e em todos os n√≠veis.

Perfil:

- Voc√™ possui um diploma de ensino m√©dio (m√≠nimo)

- Voc√™ deseja transmitir seus conhecimentos- sua paix√£o- aos alunos

- Voc√™ √© paciente- pontual e possui uma boa pedagogia
Vantagens‚Ä¢ Uma remunera√ß√£o bem satisfat√≥ria e sem surpresas

‚Ä¢ Amplo dom√≠nio de sua agenda

‚Ä¢ Milhares de alunos ao seu alcance

‚Ä¢ Possibilidade de dar aulas por webcam"
40,Analista de Programa√ß√£o em Santa B√°rbara do Oeste / SP Terras de,"‚Ä¢ Oportundidade c√≥digo n¬∫170451 para Analista de Programa√ß√£o em Empresa de software de Santa B√°rbara do Oeste Terras de
postado em 11/03/2021.

Atuar com corre√ß√£o e melhoria de desenvolvimento de sistemas..
Vaga com contrato Efetivo em per√≠odo Tempo integral Comercial.
"
41,Analista Programa√ß√£o Agroindustrial,Descri√ß√£o Analista Programa√ß√£o Agroindustrial Analisar os indicadores de performance do dia propondo alternativas para solucionar os GAPs; Acompanhamento junto ao campo (cliente interno) do status das frentes de plantio / colheita realizando os alinhamentos necess√°rios; Verifica√ß√£o e acompanhamento da comunica√ß√£o de bordo dos equipamentos; Beneficios: A Combinar; Forma√ß√£o Acad√™mica: Ensino fundamental completo. Experi√™ncia: Conhecimento das rotinas do CCT e Plantio ser√£o considerados diferenciais. Sal√°rio: A combinar Cargo: Programador Empresa: Confidencial Holdings de institui√ß√µes n√£o-financeiras. Ramo: Energia Aproveite e divulgue seu curr√≠culo gr√°tis por 7 dias
42,Desenvolvedor Full Stack,"N√≠vel: Analista
√Årea: Tecnologia da Informa√ß√£o
Escolaridade: Ensino m√©dio - Indiferente
Tipo de contrato: PJ
Jornada de trabalho: 8 horas por dia. Seg - sexta. Poder√° ser PJ ou CLT.
Disponibilidade para home-office

Benef√≠cios: A combinar- Aux√≠lio internet de R$ 130-00- Plano de sa√∫de- Plano de Carreiras - Recesso Remunerado- Vale Alimenta√ß√£o ou Refei√ß√£o

Responsabilidades e Experi√™ncias desej√°veis:

‚û°Ô∏è Descri√ß√£o da vaga:

PRINCIPAIS ATIVIDADES: üó£Ô∏è

- Programa√ß√£o em projetos web espec√≠ficos;

- programa√ß√£o em front-end com javascript- angular js- vue;

- programa√ß√£o mobile em ionic- flutter ;

- back-end programa√ß√£o

- aprender a testar produtos e validar;

- Design UI/UX ;

- Scrum

Qualifica√ß√µes

- Conhecer pelo menos 1 linguagem de programa√ß√£o: PHP- JAVA- Ruby- JavaScript- angularjs

- Conhecimento b√°sicos de Banco de dados;

- conhecimento em modelagem de banco de dados;

- L√≥gica de programa√ß√£o desenvolvida;

- Gostar de programa√ß√£o no geral;

- Importante que j√° tenha tido contato com programa√ß√£o e ter feito alguma software. N√£o ser√£o analisados quem nunca desenvolveu algum aplicativo mesmo que seja acad√™mico;

- N√£o √© obrigat√≥rio ter experi√™ncia em outra empresa- mas √© obrigat√≥rio provar que sabe programar;

Informa√ß√µes Adicionais

Que tenha vontade de aprender sempre;

Tenha foco- clareza e objetividade;

Seja √°gil e com senso de prioridade;

Seja esfor√ßado e flex√≠vel;

Pessoas integras e felizes

Que n√£o gostem da zona de conforto e seja um apaixonado por desafios

N√£o tenha problemas em receber feedback

‚û°Ô∏è Empresa:

A UseCash √© uma fintech que ajuda as empresas no varejo a melhorar processo de pagamento e por conseq√º√™ncia aumentar as vendas e diminuir os custos operacionais para o nosso cliente"
43,Analista de Programa√ß√£o - Mandaguari/PR (SEDE),"Desenvolvimento de automa√ß√µes de processos- monitoramento das execu√ß√µes e manuten√ß√£o das automa√ß√µes.

Responsabilidades e atribui√ß√µes
‚Ä¢ Desenvolver automa√ß√µes a partir dos requisitos das √°reas;
‚Ä¢ Apoiar no Suporte √†s √°reas sobre suas automa√ß√µes;
‚Ä¢ Realizar manuten√ß√µes/melhorias nas automa√ß√µes j√° desenvolvidas;
‚Ä¢ Acompanhamento di√°rio das execu√ß√µes das automa√ß√µes;

Requisitos e qualifica√ß√µes
‚Ä¢ Cursando ou ter conclu√≠do o ensino superior em An√°lise de Sistema- Sistema de Informa√ß√£o- Ci√™ncia da Computa√ß√£o- Engenharia de Software e afins.
‚Ä¢ L√≥gica de programa√ß√£o;
‚Ä¢ Ingl√™s intermedi√°rio (para consultar materiais te√≥ricos);
‚Ä¢ Excel: conhecimento de macros/VBA;
‚Ä¢ Conhecimento de RPA ‚Äì UiPath
‚Ä¢ Tenha organiza√ß√£o e capacidade de comunica√ß√£o com diversos n√≠veis da organiza√ß√£o;
‚Ä¢ Ser colaborativo- proativo e anal√≠tico para estrutura√ß√£o e quantifica√ß√£o de problemas ser√° considerado diferencial.

Informa√ß√µes adicionais

Pacote De Ben√©ficos
‚Ä¢ Aux√≠lio Sa√∫de;
‚Ä¢ Aux√≠lio Odontol√≥gico;
‚Ä¢ Aux√≠lio Creche/Bab√°;
‚Ä¢ Previd√™ncia Privada;
‚Ä¢ Auxilio Educa√ß√£o;
‚Ä¢ Vale Alimenta√ß√£o e Refei√ß√£o;
‚Ä¢ Vale Transporte;
‚Ä¢ PPR;
‚Ä¢ Uniforme;
‚Ä¢ Adicional de Tempo de Servi√ßo.

Job originally posted on GrabJobs. If you need to report this job please contact GrabJobs"
44,Supervisor(a) de Programa√ß√£o PHP ‚Äì Back-End,"Habilidades
JavaScript- PHP- SQL

O que n√≥s buscamos
Estamos buscando candidato para conduzir novo projeto.‚Äì Tenha conhecimento em programa√ß√£o PHP‚Äì SQL- desej√°vel conhecimento em JAVASCRIPT. ‚Äì 5 anos de experi√™ncia na √°rea.

Principais responsabilidades
Saiba trabalhar em equipe- mente aberta e que goste de novos desafios- flex√≠vel e colaborativo e saiba liderar equipe.

Descri√ß√£o da empresa
Uma empresa de tecnologia especializada em desenvolvimento de sistemas e equipamentos para Automa√ß√£o Comercial.

Atuamos neste mercado h√° mais de 20 anos- nosso compromisso di√°rio √© trazer sempre solu√ß√µes inteligentes e integra√ß√µes que auxiliem a micro- pequena- m√©dia e grande empresa.

Benef√≠cios

Vale Refei√ß√£o; Plano de Sa√∫de; Seguro de Vida"
45,Est√°gio em Programa√ß√£o ‚Äì BURH,"PR√â-REQUISITOS
Cursando ensino t√©cnico ou superior em TI - (informar no curr√≠culo faculdade- curso e semestre); Disponibilidade para implementa√ß√£o e atendimento a clientes em suas instala√ß√µes.

Conhecimentos Desej√°veis (mesmo Sem Experi√™ncia)
‚Ä¢ Programa√ß√£o C# - ASP.NET MVC
‚Ä¢ HTML5- CSS3 e JS
‚Ä¢ Banco de dados - SQL Server

DIFERENCIAL
‚Ä¢ Programa√ß√£o Mobile - Xamarin Form
‚Ä¢ Leitura e compreens√£o em ingl√™s.
Interessados devem enviar curr√≠culo atrav√©s do site da DPI Inova√ß√£o e Tecnologia > Contato > Trabalhe Conosco.
No curr√≠culo √© fundamental constar Vaga: EST√ÅGIO DESENVOLVIMENTO"
46,Analista de programa√ß√£o,"Buscamos profissional para atuar no desenvolvimento de aplica√ß√µes web e mobile.

- Desenvolvimento e manuten√ß√£o de aplica√ß√µes web/mobile;

- Realizar a cria√ß√£o de novas funcionalidades- e tamb√©m manuten√ß√£o/corre√ß√µes de funcionalidades j√° existentes;

- Aplicar as melhores pr√°ticas de documenta√ß√£o do c√≥digo desenvolvido;

- Manter padr√£o utilizado nos c√≥digos j√° existentes (c√≥digo limpo- enxuto e de f√°cil entendimento);

- Trazer novas id√©ias para a melhoria cont√≠nua de nossos sistemas;

- Desenvolver e sustentar integra√ß√µes;

- R√°pido aprendizado- facilidade de pesquisar- muita curiosidade e vontade de aprender (e ensinar);

- Esp√≠rito de trabalho em equipe;

Conhecimentos Necess√°rios:

- Linguagem C#

- Asp.Net MVC (com Razor)

- JQuery/Javascript

- Bootstrap (Design responsivo)

- Entity Framework/LINQ

- Conhecimento em SQL Server

- Criar/Consumir WebServices e APIs (SOAP/Rest)

- Xamarin Forms (Mobile)

Conhecimentos Desej√°veis:

- Crystal Reports

- Microsoft Team Fondation p Controle de Vers√µes de C√≥digos

- Metodologia √Ågil Scrum"
47,Interc√¢mbio Em Desenvolvimento E Programa√ß√£o De Software,"Interc√¢mbio em desenvolvimento e programa√ß√£o de software INTEREDES SAS √© uma empresa de desenvolvimento de software- terceiriza√ß√£o de tecnologia da informa√ß√£o e telecomunica√ß√µes colombiana

Nesta vaga- voc√™ ser√° colaborador na arquitetura e desenvolvimento de software em projetos- e na implanta√ß√£o de estrat√©gias t√©cnicas de desenvolvimento de software

Certifica√ß√£o Conhecimento Ingl√™s intermedi√°rio ou avan√ßado- ter entre 18-30 anos- e alguma experi√™ncia pr√©via com a √°rea- disponibilidade para realizar um interc√¢mbio Hor√°rio de Trabalho Segunda a sexta- das 8h √†s 17h"
48,Auxiliar de programa√ß√£o,"Ir√° prestar apoio no desenvolvimento de sistemas- aplicar testes para identificar problemas e falhas- implantar e realizar manuten√ß√£o de programas- auxiliando no levantamento de necessidades de tecnologia da informa√ß√£o

Beneficios: A Combinar; Forma√ß√£o Acad√™mica: Ensino m√©dio completo

Experi√™ncia: Desej√°vel ter experi√™ncia como auxiliar de programa√ß√£o

Sal√°rio: 1700 Cargo: Assistente de Programa√ß√£o Empresa: Imediatta Trabalho Tempor√°rio Empresa que atua na √°rea de recursos humanos

Ramo: Recursos Humanos/ Recrutamento e sele√ß√£o"
49,T√©cnico de Inform√°tica,"Descri√ß√£o Geral:
Hor√°rio: 7h30 √†s 17h30 de segunda a sexta-feira
Entre a (mensal)

Principais atribui√ß√µes:
‚Ä¢ fazer manuten√ß√£o e acompanhamento de hardwares (computadores- impressoras- monitores- etc);
‚Ä¢ administrar o ambiente de intranet- administrar e fazer manuten√ß√£o do servidor de e-mail e seguran√ßa firewall isa server;
‚Ä¢ Atender os usu√°rios em suas demandas cotidianas;
‚Ä¢ Administrar- planejar e acompanhar a infraestrutura de rede e acompanhamento das instala√ß√µes;
‚Ä¢ acompanhar as tend√™ncias do mercado tecnol√≥gico- com sugest√µes de melhorias de novos recursos de hardware e software sempre visando o custo benef√≠cio para a institui√ß√£o- com cota√ß√£o e recomenda√ß√£o de equipamentos e computadores."
50,T√©cnico Em Inform√°tica,"para √°rea de t.i
Necess√°rio conhecimento em inform√°tica- manuten√ß√£o e reparo de placas eletronicas de computadores e notebook"
51,Aulas de Inform√°tica aula de inform√°tica completo,Descri√ß√£o do que necessita ser aprendido ou qual programa Aula de inform√°tica completo Conhecimentos atuais do aluno Eu sei o basico s√≥ Objetivos das aulas 1 vez por semana ou mais Prefer√™ncia por professor Homem Frequ√™ncia das aulas? √â para apenas uma vez (pontual) Quantas horas totais ou semanais e por dia aproximadamente de aulas? 1 vez por semana ou mais Quando as aulas come√ßar√£o? Nos pr√≥ximos dias Data ou datas aproximadas para come√ßar Qualquer dia A princ√≠pio- at√© quando as aulas ser√£o dadas? Todos os dias Hor√°rio (manh√£/tarde) e dia/s da semana de prefer√™ncia (s-d) Qualquer horario e que seja no sabado Prefer√™ncia para o servi√ßo: O melhor pre√ßo
52,T√âCNICO EM INFORM√ÅTICA,"Atividades Profissionais

Realizar atividades de suporte a clientes. Atendimento a clientes em territ√≥rio nacional e internacional. Instalar e testar os equipamentos adquiridos pela empresa. Detectar e identificar problemas com os equipamentos- testando-os. Manuten√ß√£o e configura√ß√£o de equipamentos eletr√¥nicos- em computadores- substituir pe√ßas- formata√ß√£o entre outros. Confeccionar cabos- extens√µes- montar placas e circuitos entre outros similares. Operar aparelho de solda. Participar e contribuir com o processo e metodologia de produ√ß√£o da empresa. Elabora√ß√£o de relat√≥rios.

Requisitos

Experi√™ncia:

Facilidade de Comunica√ß√£o; Facilidade de trabalho em equipe; Disponibilidade para viagens (inclui viagens internacionais); Conhecimento de ferramentas edi√ß√£o de textos- planilhas eletr√¥nicas- apresenta√ß√£o- correio eletr√¥nico. Conhecimento de informa√ß√µes pertinentes a hardware- software e rede (instala√ß√£o e configura√ß√£o); Possuir CNH categoria B. Ingl√™s intermedi√°rio; Espanhol intermedi√°rio; Curso T√©cnico em eletr√¥nica e/ou montagem e manuten√ß√£o de computadores/ensino superior nas √°reas de tecnologia. Atitude pr√≥-ativa e entusiasmada.

Idiomas:

Ingl√™s Intermedi√°rio

Espanhol Intermedi√°rio

Outras informa√ß√µes:

Disponibilidade de viagens.

Dados de Contrata√ß√£o

Regime de contrata√ß√£o:

CLT

Benef√≠cios da vaga de emprego:

Assist√™ncia M√©dica

Assist√™ncia Odontol√≥gica

Seguro de Vida

Vale-Refei√ß√£o

Vale-Transporte

√Åreas:

Inform√°tica /TI / Engenharia da Computa√ß√£o (Inform√°tica)

Internet/ E-Commerce/ E-Business/ Web/ Web Designer (Inform√°tica)

Manuten√ß√£o (Industrial)

T√©cnica (T√©cnica)

N√≠veis:

Profissional especializado com curso superior (Profissional)

Profissional com ensino m√©dio/profissionalizante (Profissional)

T√©cnico (Inform√°tica"
53,T√©cnico Inform√°tica,"Atuar com instala√ß√£o e manuten√ß√£o de equipamentos de inform√°tica ou manuten√ß√£o em redes ou c√¢meras.
Qualifica√ß√£o: Experiencia em manuten√ß√£o de equipamentos de informatica ou redes.

Antes de se inscrever para essa posi√ß√£o- voc√™ precisa enviar seu curr√≠culo online."
54,T√©cnico assistencia t√©cnica inform√°tica em Londrina,Boa tarde- necessito algu√©m que me formate o computador e que instale o Windows XP. O t√©cnico de inform√°tica ter√° que vir em meu domic√≠lio- tenho um cachorro grande- √© que existem muitas pessoas que ficam incomodadas com cachorros deste tamanho. √â para apagar tudo e n√£o salvar nada e instalar windows. O CPU fica muito e quente e creio que o ventilador interno esteja parado- compro um novo antes ou espero a visita do t√©cnico?. Eu n√£o tenho chaves de fenda e nem ferramentas se precisar- tudo isso dever√° ser trazido pelo t√©cnico de inform√°tica. Necessito o servi√ßo para ou s√°bado- c√°lculo umas dois horas. A tarefa ser√° realizada na minha casa.
55,T√âCNICO EM INFORMATICA,"Descri√ß√£o
‚Ä¢ √Årea e especializa√ß√£o profissional: Inform√°tica- TI- Telecomunica√ß√µes - Inform√°tica
‚Ä¢ N√≠vel hier√°rquico: Assistente
‚Ä¢ N√∫mero de vagas: 12
‚Ä¢ Local de trabalho: Londrina- PR
‚Ä¢ T√âCNICO INFORMATICA COM VE√çCULO PR√ìPRIO- COM EXPERIENCIA ATUA√á√ÉO EM CAMPO
Exig√™ncias
‚Ä¢ Escolaridade M√≠nima: Curso T√©cnico
‚Ä¢ Habilita√ß√£o para dirigir
‚Ä¢ Ve√≠culo pr√≥prio
‚Ä¢ Aplica√ß√µes de Escrit√≥rio: Microsoft Excel- Microsoft Outlook- Microsoft Word
‚Ä¢ Sistemas Operacionais: IBM OS- Linux- Windows

Benef√≠cios adicionais
‚Ä¢ Estacionamento- Seguro de Vida- Vale-refei√ß√£o"
56,Assist√™ncia t√©cnica em inform√°tica de pc widons 7,Qual √© o servi√ßo solicitado? (detalhe do que est√° acontecendo)- formatar ou tirar v√≠rus- etc. Instalar programa Qual √© o tipo de dispositivo: pc- mac- notebook- port√°til- tablet- celular... Pc Marca- modelo e sistema operativo (se souber) do dispositivo Widons 7 Quando o servi√ßo come√ßar√°? Urgente (para as pr√≥ximas 24/48 horas ou antes) Horario (manh√£/tarde) e dia de prefer√™ncia para a realiza√ß√£o do servi√ßo(l-d) De manh√£ Prefer√™ncia para o servi√ßo: A melhor qualidade
57,T√©cnico de inform√°tica,T√©cnico de inform√°tica Atuar com instala√ß√£o e manuten√ß√£o de equipamentos de inform√°tica ou manuten√ß√£o em redes ou c√¢meras. Beneficios: Vale Transporte; Vale Refei√ß√£o; Seguro de vida; Forma√ß√£o Acad√™mica: T√©cnico na √°rea de redes ou inform√°tica. Experi√™ncia: Experiencia em manuten√ß√£o de equipamentos de informatica ou redes. Sal√°rio: De R$ 1.501-00 a R$ 2.000-00 Cargo: T√©cnico de inform√°tica Empresa: Avantech Com√©rcio varejista especializado de equipamentos e suprimentos de inform√°tica. Ramo: Inform√°tica/ TecnologiaAproveite e divulgue seu curr√≠culo gr√°tis por 7 dias!
58,Especialista,Especialista DevOps Brasil | Desenvolvimento | Full-time | Fully remote. Suas principais atividades enquanto Especialista DevOps ser√£o: Disseminar a cultura DevOps para todo o time. Propor e implantar solu√ß√µes que otimizem o trabalho do dia-a-dia. Implantar ferramentas de CI/CD (integra√ß√£o e entrega cont√≠nua). Participar da arquitetura e codifica√ß√£o da infraestrutura em nuvem- al√©m de fazer parte das decis√µes de implementa√ß√£o de infraestrutura de produtos juntamente com a equipe de desenvolvimento. Garantir o monitoramento dos sistemas em funcionamento. Requisitos obrigat√≥rios s√£o experi√™ncia e conhecimentos em: Containers Virtualiza√ß√£o Kubernetes Estrat√©gias de Versionamento Automa√ß√£o de Infraestrutura Estrat√©gias de Deployment (Blue/Green- Canary) Infraestrutura em Cloud (AWS e/ou Azure e/ou GCP) Linguagem de Programa√ß√£o (Bash script e/ou Python e/ou linguagens enterprise) Conhecimento em Banco de Dados (relacional e/ou n√£o relacional) Sistemas Operacionais (Linux e Windows) Redes de Computadores E ser√° um diferencial: Experi√™ncia em Twelve Factors Servidores de Aplica√ß√£o (Tomcat e/ou Wildfly e/ou IIS) Certifica√ß√£o em Infraestrutura P√≥s-gradua√ß√£o em Infraestrutura
59,T√âCNICO EM INFORM√ÅTICA NIVEL I OU II,OPORTUNIDADE DE TRABALHO A SALOMON INFORM√ÅTICA Corporativo- com ampla experi√™ncia neste mercado de trabalho em Londrina e Regi√£o- contrata: T√©cnicos NIVEL I ou II SUPORTE e INFRA ESTRUTURA Requisitos: Conhecimento na √°rea de T.I; Demonstrar aten√ß√£o- ter iniciativa; Trabalhar em equipe; Flexibilidade e Criatividade; Senso de organiza√ß√£o; Capacidade de observa√ß√£o e aprendizagem; Dinamismo e Paci√™ncia; Boa comunica√ß√£o. Carga hor√°ria: 44horas semanais; Sal√°rio Inicial da categoria: R$1.400-00 + Vale Transporte e Vale Refei√ß√£o; Contrato de Experi√™ncia por 90 dias. Depois de efetivado: inclui plano de sa√∫de. Interessados enviar Curr√≠culo Site: www.salomon.inf.br
60,Vendas Internas (inform√°tica),"Descri√ß√£o:

Atuar√° com vendas no atacado e varejo (equipamentos de inform√°tica)- com vendas online (telefone- whatsapp- Face- Instagram- e e-mail.

Prospec√ß√£o de novos clientes- manuten√ß√£o da carteira- auxiliar em atividades administrativas- manuten√ß√£o do ambiente de trabalho- acompanhamento de pedidos- expedi√ß√£o de mercadorias.

Requisitos:

Com experi√™ncia em prospec√ß√£o e vendas- trabalhar com metas.

Habilidade de trabalho em equipe- bom conhecimento em Excel- boa comunica√ß√£o- comprometimento- gostar de vender- empatia e resili√™ncia.

Desej√°vel cursando superior em Administra√ß√£o- Marketing ou Gest√£o Comercial.

Jornada de Segunda a sexta-feira em hor√°rio comercial.

Benef√≠cios:

Salario R$ 1.376-00 + Comiss√£o + Assiduidade (R$ 120-00) +VT

Tipo de vaga: Tempo Integral- Efetivo/CLT

Sal√°rio: R$1.042-00 ‚Äì R$3.600-00 por m√™s

Customer service:
‚Ä¢ 3 a 6 meses (Preferencial)

Cuidado(s) relacionado(s) √† COVID-19:
‚Ä¢ Processo de entrevista remoto"
61,T√©cnico De Suporte Ao Usu√°rio,"√Årea e especializa√ß√£o profissional: Inform√°tica- TI- Telecomunica√ß√µes - Inform√°tica
N√≠vel hier√°rquico: Operacional
N√∫mero de vagas: 10
Local de trabalho: Londrina- PR
Regime de contrata√ß√£o de tipo Efetivo ‚Äì CLT
Jornada Per√≠odo Integral
Voc√™ √© uma pessoa eficiente e n√£o tem medo de se arriscar? Voc√™ ama a fronteira de Tecnologia e atendimento ao usu√°rio? Ent√£o olha s√≥ que bacana essa de T√©cnico de Suporte. Para se inscrever basta conferir os requisitos abaixo: Ensino m√©dio completo- superior ou curso t√©cnico cursando ou completo. Experi√™ncia em atendimento a usu√°rios/ ao p√∫blico. Conhecimentos em microcomputadores e perif√©ricos; instala√ß√£o- ativa√ß√£o- desativa√ß√£o- remanejamento- manuten√ß√£o ou desinstala√ß√£o dos grupos de hardware- sistemas operacionais e aplicativos."
62,Desenvolvedor,Desenvolvedor (a) Golang Pleno/S√™nior Brasil | Desenvolvimento | Full-time | Fully remote. Sobre a vaga Essa vaga se destina a DB1 Global Software- nossa f√°brica de software. O (a) profissional far√° parte de um de nossos novos projetos- uma fintech voltada para investimentos nos Estados Unidos. Suas principais atividades ser√£o: Fazer parte de um time que est√° iniciando um novo projeto- com um novo cliente. Atuando com desenvolvimento Backend em Golang; Desenvolver software para realizar transa√ß√µes em milisegundos com alta disponibilidade; Atuar em um produto que lida com centenas de milhares de usu√°rios. Requisitos obrigat√≥rios: Experi√™ncia pr√©via em desenvolvimento de software; Conhecimento em Golang; Conhecimento RabbitMQ; Conhecimento Rest API; N√£o √© obrigat√≥rio- mas desej√°vel: Conhecimento em microservi√ßos GRPC Google Cloud Protobuff E ser√° considerado um diferencial se tiver: Ingl√™s Intermedi√°rio
63,Instrutor de Inform√°tica em Ibipor√£ / PR,"N√∫mero de vagas: 1 Empresa: Confidencial Sal√°rio: A combinar - M√©dia salarial para Instrutor de Inform√°tica Cidade/Estado: Ibipor√£ / PR Tipo de Vaga: Est√°gio DESCRI√á√ÉO:
Suporte a alunos. Conhecimento intermedi√°rio em inform√°tica. Vaga de est√°gio- aceita estudantes de pedagogia com conhecimento em inform√°tica. Segunda √† sexta: Manh√£/tarde. S√°bados: Manh√£/tarde"
64,T√©cnico de Inform√°tica,"Descri√ß√£o

Precisa-se de t√©cnico (a) em inform√°tica- com conhecimento em hardware e software- que saiba formatar Pc / notebook- fazer backup. Que tenha vontade de aprender e goste de trabalhar com tecnologia.

Requisitos

Ser comunicativo (a)- pois realizara atendimento presencial e remoto.
Ter disponibilidade de hor√°rio.

Benef√≠cios

Salario- vale alimenta√ß√£o e vale transporte.

Area

Inform√°tica- TI- Internet e Telecomunica√ß√£o

Experi√™ncia

N√£o

Escolaridade

Ensino M√©dio"
65,Gerente de Projetos,"Gerenciamento de projetos de TI utilizando metodologias √Ågeis;
Ser√° respons√°vel por fazer a gest√£o do time e atividades;
Planejamento de entregas;
Relacionamento com o cliente;
Gest√£o de indicadores;
Garantir a qualidade das entregas.
"
66,Assistente de Infraestrutura (empresa de Inform√°tica),"Realizar atividades na √°rea de telefonia e cabeamento de redes;
Montagem de infraestrutura;
Lan√ßamento de cabos met√°licos e conex√£o de tomadas l√≥gicas;
Executar testes de cabos UTP e fibra √≥ptica;
Instalar c√¢meras de seguran√ßa- bem como executar outras atividades ligadas a fun√ß√£o."
67,ANALISTA DE SISTEMAS,"Atividades Profissionais

Suporte t√©cnico em geral. Sugest√£o de melhorias. Manuten√ß√£o e configura√ß√£o de equipamentos de TI. Conhecimentos gerais de rede e windows server.

Requisitos

Experi√™ncia:

Experi√™ncia em linguagem C# (.Net) e - Web Api. Experi√™ncia com banco de dados SQL Server.

Dados de Contrata√ß√£o

Regime de contrata√ß√£o:

CLT

Benef√≠cios da vaga de emprego:

Vale-Alimenta√ß√£o

Vale-Transporte

√Åreas:

Inform√°tica /TI / Engenharia da Computa√ß√£o (Inform√°tica)

Internet/ E-Commerce/ E-Business/ Web/ Web Designer (Inform√°tica)

N√≠veis:

Profissional especializado com curso superior (Profissional)

Profissional com ensino m√©dio/profissionalizante (Profissional)

Analista (Inform√°tica)"
68,Instrutor de Inform√°tica,Descri√ß√£o Geral:Contrata: instrutor(a) de inform√°tica descri√ß√£o: auxiliar alunos em duvidas gerais com rela√ß√£o a utiliza√ß√£o do computador; garantir o bom funcionamento do laborat√≥rio de inform√°tico- bem como os computadores da escola em geral; controle de presen√ßa dos alunos; entrega e controle de apostilas dos cursos diversos. Requisitos: disponibilidade de hor√°rios; dom√≠nio do pacote office; diferencial: conhecimento em hardware e redes; boa comunica√ß√£o. Benef√≠cios: registro em carteira; cidade - Uf: maring√° - Pr empresa: ver nome publicado em:
69,Desenvolvedor PHP,Vaga de emprego c√≥digo 2.562.048 Desenvolvedor(a) PHP Empresa anuncianteDB1 Inform√°tica Ltda. N√≠vel de atua√ß√£o Especialistas √Årea de atua√ß√£o Tecnologia- Inform√°tica e Internet Local de trabalho 1 vaga - Maring√° / PR Principais atividades Desenvolvedor (a) PHP S√™nior Brasil | Desenvolvimento de Software | Full-time | Fully remote.A vaga [DB1 at home office: essa vaga permite atua√ß√£o remota!] Buscamos um(a) profissional apaixonado(a) por tecnologia- que desenvolva em backend com PHP7+ e busque entregar solu√ß√µes de qualidade aplicando as melhores pr√°ticas de programa√ß√£o- tais como SOLID e GRASP para iniciar um novo projeto em nossa softwarehouse: uma plataforma educacional!Por isso essa vaga se destina a profissionais com muita experi√™ncia- antenados- interessados em evolu√ß√£o cont√≠nua- que sejam curiosos e acompanhem as melhores tend√™ncias em desenvolvimento. O que √© indispens√°vel para a vaga? Experi√™ncia com desenvolvimento em PHP7+;Conhecimento em Laravel e Lumen;Conhecimento em Docker- Composer;Conhecimento em Banco de Dados MySQL e SQL Server;Conhecimento em Orienta√ß√£o a Objetos;Conhecimento em boas pr√°ticas de programa√ß√£o (SOLID)Experi√™ncia com testes de unidade e integra√ß√£o; Escolaridade m√≠nima Superior Completo Habilidades esperadas Conhecimento em Restful API;Experi√™ncia com code reviewGit;Ser uma pessoa flex√≠vel e por dentro das novidades tecnol√≥gicas; Grande capacidade de aprendizado para novas pr√°ticas- tecnologias- linguagens de programa√ß√£o e culturas de engenharia. Ser√° um diferencial se: Conhecimento em Hexagonal Architecture e Clean ArchitectureConhecimento dos princ√≠pios de boas pr√°ticas GRASPConhecimento em Redis;Conhecimento em MongoDB;Viv√™ncia com metodologias √°geis Tipo da Vaga Nova posi√ß√£o Remunera√ß√£o a combinar
70,Vendas Internas - Inform√°tica e Redes,"Ser respons√°vel por uma carteira de vendas com aproximadamente 250 clientes;
Realizar vendas consultivas;
Realizar prospec√ß√µes de clientes em mercado nacional;
Divulgar em meios de comunica√ß√£o;
Praticar o p√≥s venda."
71,T√©cnico assistencia t√©cnica inform√°tica em Apucarana,Ol√° boa tarde- gostaria de trocar ou clonar um disco duro do computador. O t√©cnico de inform√°tica ter√° que vir em meu domic√≠lio- tenho um cachorro grande- √© que existem muitas pessoas que ficam incomodadas com cachorros deste tamanho. Tamb√©m tenho interesse em clonar o antigo. Eu gostaria de instalar Windows 8 no pc- eu o tenho em dvd. A tarefa √© para semana que vem. No caso de precisar trocar o disco duro- o que precisa realmente √© instalar o sistema operativo. O disco duro eu compraria. Solicito or√ßamento para a troca do disco duro e a clonagem do antigo no novo. Necessito o servi√ßo para ou quinta-feira- c√°lculo umas cinco horas. Quanto tempo leva para fazer essa repara√ß√£o?.
72,Assist√™ncia t√©cnica em inform√°tica por hora de notebook asus,Qual √© o servi√ßo solicitado? (detalhe do que est√° acontecendo)- formatar ou tirar v√≠rus- etc. Tela manchada dobradicas quebradas e troca de um teclado estate sem as duas letras e o w nao funciona Qual √© o tipo de dispositivo: pc- mac- notebook- port√°til- tablet- celular... Notebook Marca- modelo e sistema operativo (se souber) do dispositivo Asus Quando o servi√ßo come√ßar√°? Urgente (para as pr√≥ximas 24/48 horas ou antes) Horario (manh√£/tarde) e dia de prefer√™ncia para a realiza√ß√£o do servi√ßo(l-d) ManhaPrefer√™ncia para o servi√ßo: Rela√ß√£o qualidade/pre√ßo
73,Tecnico em Inform√°tica,"Descri√ß√£o

Montagem e instala√ß√£o de computadores;

Assist√™ncia na corre√ß√£o de defeitos ou falhas nas redes ou equipamento (computador- notebook e impressora) Resid√™ncial e empresarial.

Requisitos

Exp√™riencia na fun√ß√£o comprovada em carteira de trabalho-

Pontualidade-

Proatividade e

Responsabilidade pelo servi√ßo excutado

Carteira de motorista ab."
74,Desenvolvedor Java Pleno,Desenvolvedor(a) Java Pleno Brasil | Desenvolvimento de Software | Full-time | Fully remote. A vaga No DB1 Group- o (a) desenvolvedor (a) Java ter√° a oportunidade de trabalhar com pr√°ticas de desenvolvimento √°gil- pair programming- integra√ß√£o cont√≠nua- desenvolvimento orientado a testes (TDD) e boas pr√°ticas de Clean Code. O que buscamos: Experi√™ncia com Java 8; Conhecimento em Spring e Spring Boot; Conhecimento em arquitetura de microsservi√ßos; Atua√ß√£o com banco de dados relacionais e n√£o relacionais; Cultura forte de testes unit√°rios e integra√ß√£o; Experi√™ncia com versionamento de c√≥digo (GIT); Design Patterns e Clean Code. O que √© indispens√°vel para uma vaga? Ser uma pessoa flex√≠vel e por dentro das novidades tecnol√≥gicas; Ter viv√™ncia com desenvolvimento e implementa√ß√£o de software em produ√ß√£o; Grande capacidade de aprendizado para novas pr√°ticas- tecnologias- linguagens de programa√ß√£o e culturas de engenharia; Vontade de compartilhar conhecimento ... Ser√° um diferencial se: Tiver flu√™ncia em ingl√™s e espanhol; Conhecimento em uso de aplica√ß√µes com Containers (Docker)- Kubernets; Conhecimento em Ambiente de nuvem (AWS); Conhecimento em integra√ß√µes com API SOAP / Rest; Atua√ß√£o com servidores de aplica√ß√£o (TomCat- Jboss
75,Est√°gio T√©cnico em Inform√°tica ‚Äì Hardware,"Formata√ß√£o e limpeza de computadores;
Suporte para clientes."
76,Est√°gio em Inform√°tica,Dever√° estar cursando: Inform√°tica. Auxiliar na folha de pagamento. Auxiliar na realiza√ß√£o de balancetes. Auxiliar no levantamento cadastral.
77,Procuramos professor particular de Inform√°tica em Londrina (Paran√°),"EmpresaSuperprof √© uma plataforma para se compartilhar conhecimentos que coloca em rela√ß√£o aqueles que desejam ensinar e aqueles que desejam aprender.
Miss√£oL√≠der no Brasil e na Europa no mercado das aulas particulares- Superprof est√° presente tamb√©m em todos os continentes e procura professoras e professores para ministrar aulas particulares para os alunos que contactam o Superprof diariamente.

Procuramos professores em diversos dom√≠nios: disciplinas escolares- l√≠nguas- m√∫sica- esportes...

Em fun√ß√£o de seus conhecimentos e experi√™ncias- voc√™ pode propor aulas e criar quantos an√∫ncios desejar. Junte-se √† equipe do Superprof ao clicar aqui e ministrar aulas particulares a alunos pr√≥ximos de voc√™ e em todos os n√≠veis.

Perfil:

- Voc√™ possui um diploma de ensino m√©dio (m√≠nimo)

- Voc√™ deseja transmitir seus conhecimentos- sua paix√£o- aos alunos

- Voc√™ √© paciente- pontual e possui uma boa pedagogia
Vantagens‚Ä¢ Uma remunera√ß√£o bem satisfat√≥ria e sem surpresas

‚Ä¢ Amplo dom√≠nio de sua‚Ä¶"
78,Desenvolvedor React Native,Desenvolvedor (a) React Native Senior Brasil | Desenvolvimento de Software | Full-time | Fully remote. A vaga Buscamos um(a) profissional apaixonado(a) por tecnologia- que desenvolva em React Native e busque entregar solu√ß√µes de qualidade aplicando as melhores pr√°ticas de programa√ß√£o- tais como SOLID- c√≥digo limpo. Sua responsabilidade ser√° iniciar um novo projeto- apoiando um de nossos parceiros a alavancar seus neg√≥cios! Por isso essa vaga se destina a profissionais antenados- interessados em evolu√ß√£o cont√≠nua- sejam curiosos e acompanhem as melhores tend√™ncias em desenvolvimento. Requisitos obrigat√≥rios: Experi√™ncia com Javascript; Conhecimento em React Redux Conceitos REST de comunica√ß√£o Arquitetura de projetos de web cliente Webpack e ferramentas Conhecimento em Android e IOS Conhecimento em desenvolvimento de aplica√ß√£o offline Ser√° um diferencial: Conhecimento em usabilidade de usu√°rio e boas pr√°ticas de UX e UI; Testes unit√°rios Viv√™ncia com metodologias √°geis
79,Instrutor de Inform√°tica,Realizar o acompanhamento dos pr√©-aprendizes (adolescentes e jovens)- no tocante √† prepara√ß√£o para os projetos de aprendizagem t√©cnico-profissional. Proporcionar o desenvolvimento integral dos adolesc
80,Arquiteto de Software,Confira o sal√°rio m√©dio noGuia Brasileiro de Cargos eSal√°rios Gostou desta vaga? Receba em seu email todas as novas vagas semelhantes a esta.N√≠vel de atua√ß√£o Especialistas √Årea de atua√ß√£o Tecnologia- Inform√°tica e Internet Local de trabalho 1 vaga - Maring√° / PR Principais atividades Arquiteto (a) de Software L√≠der Brasil | Desenvolvimento de Software | Full-time | Fully remote.Sobre a vagaEstamos em busca de um(a) profissional com ampla experi√™ncia com desenvolvimento e arquitetura de software- com postura comportamental de lideran√ßa t√©cnica- para atuar com os times de DB1 Global!O(a) profissional atuar√° diretamente na estrat√©gia da unidade- diretamente ligado(a) ao Gerente de Opera√ß√µes- atuando na unidade como um todo- garantindo a arquitetura de novos projetos e o impulsionamento da parte t√©cnica nos times- desde apoio em arquitetura quanto melhorias t√©cnicas e modelo de trabalho no dia a dia dos projetos.O perfil deve ser uma pessoa antenada as tend√™ncias de mercado- inova√ß√£o esp√≠rito de equipe e lideran√ßa t√©cnica. Responsabilidades e atribui√ß√µes:Apoio na defini√ß√£o e cria√ß√£o de arquitetura de software para sistemas novos;Orientar os desenvolvedores quanto aos padr√µes de projetos adotados; Escolaridade m√≠nima Superior Completo Habilidades esperadas Capacita√ß√£o t√©cnica e de arquitetura para pessoas do time para nivelamento t√©cnico do time;Avalia√ß√£o das novas arquiteturas e tecnologias para futuros projetos;Impulsionar melhorias no modelo de desenvolvimento que aumente a qualidade dos produtos e agilidade dos times;Criar PoC para validar de forma pr√°tica solu√ß√µes t√©cnica e defini√ß√µes de arquitetura de um sistema;Requisitos:Experi√™ncia em conceitos de arquitetura;Ser antenado(a) com as tend√™ncias de mercado- inova√ß√£o- al√©m de esp√≠rito de equipe e lideran√ßa t√©cnica.Conhecimento comprovado em tipos de arquitetura;Conhecimento comprovado em t√©cnicas de escalabilidade;Conhecimento comprovado em DevOps CI CD;Conhecimento comprovado em Banco de dados;Conhecimento e aplica√ß√£o comprovados da arquitetura limpa;Conhecimento comprovado em sistemas distribu√≠dos.Desej√°vel:Conhecimento em seguran√ßa da informa√ß√£o;Conhecimento em arquitetura de Front-end;Conhecimento em m√©tricas √°geis Outras empresas que buscam candidatos atrav√©s da Curriculumver todas
81,T√©cnico assistencia t√©cnica inform√°tica em Arapongas,Ol√°- solicito or√ßamento por 1 hora de trabalho. Tenho um segundo computador que √© o que estou utilizando agora e me dei conta que tamb√©m deveria revis√°-lo- faz muito tempo que est√° para formatar. Se for necess√°rio mais tempo- se pagar√° de forma proporcional ao pre√ßo por hora. Queria saber se podem me instalar outro software adicional em outra port√°til que uso mais para trabalho. Eu trarei o disco duro para que me digam se podem recuper√°-lo. Necessito o servi√ßo para ou domingo- c√°lculo umas tr√™s horas. Eu n√£o tenho chaves de fenda e nem ferramentas se precisar- tudo isso dever√° ser trazido pelo t√©cnico de inform√°tica.
82,Cozinheira,"Descri√ß√£o Geral:experi√™ncia em preparo de grande quantidades de alimentos- conhecimento sobre a prepara√ß√£o de uma grande variedade de comidas (arroz- feij√£o- carnes- panquecas- grelhados..) e boa rela√ß√£o em equipe.

Vale transporte e refei√ß√£o
Realizar pr√©-preparo- cozinhar os alimentos e ;higienizar o local de trabalho"
83,Cozinheira para anivers√°rio,Tipo de evento para qual o servi√ßo de cozinheiro ser√° necess√°rio: anivers√°rio- jantar- comida pessoal- comida familiar- festa com coquet√©is- demonstra√ß√£o culin√°ria- festa infantil- etc. Anivers√°rio Que comida(s) ser√£o preparadas? Caf√©-da-manh√£- brunch- almo√ßo- jantar- sobremesa- aperitivo- etc. Jantar dia 22 de junho - salada ‚Äì salada de mix de folhas baby / creme de queijo de cabra / crocante de p√£o s√≠rio / farofa de sementes / vinagrete de morango arroz branco tradicional bob√≥ de camar√£o Com que frequ√™ncia ser√° necess√°rio o servi√ßo de chefe particular? Evento pontual Que tipo de culin√°ria ? Formal ou casual / brasileira- espanhola- italiana- asi√°tica- mediterr√¢nea- latina- vegetariana- etc. Brasileira O chefe ter√° de levar bebida alco√≥lica? Descreva se esse for o caso N√£o Prefer√™ncia alimentar- problema de sa√∫de- restri√ß√£o de dieta ou alergias alimentares que o chefe deveria conhecer? N√£o Para quantos clientes √© o servi√ßo? 1 Qual √© o or√ßamento estimado por pessoa? De 7 a 15 ‚Ç¨ Quando o servi√ßo come√ßar√°? Nos pr√≥ximos dias Hor√°rio e data(s) estimada(s) 22 de junho- 20hPrefer√™ncia para o servi√ßo: Rela√ß√£o qualidade/pre√ßo
84,Arquiteto,Acompanhar as atividades relacionadas √†s aprova√ß√µes e licenciamentos dos empreendimentos imobili√°rios do seguimento econ√¥mico- acompanhar o cronograma de aprova√ß√£o dos empreendimentos e relatar impactos nos processos de aprova√ß√£o- monitorar as verbas administrativa e dos empreendimentos referentes aos empreendimentos- Relatar anomalias decorrentes das atividades do setor √† coordena√ß√£o- Coordenar e acompanhar o desenvolvimento e a entrega dos servi√ßos prestados pelos fornecedores externos garantindo os prazos- realizar os processos de regulariza√ß√£o de √°rea- aprova√ß√µes e alvar√°s- licenciamentos ambientais- e demais atividades- realizar o processo de registro de incorpora√ß√£o- solicita√ß√µes de certid√µes- documentos- contrata√ß√£o de despachantes- prazos e acompanhamento junto ao registro de im√≥veis- Realizar o processo de mudan√ßa de titularidade de IPTUs- realizar o processo de averba√ß√£o da constru√ß√£o / CVCO e fazer a gest√£o de contratos- medi√ß√µes/pagamentos. Superior Completo em Arquitetura e Urbanismo- Engenharia e √°reas afins; Desej√°vel Gradua√ß√£o P√≥s-gradua√ß√£o. Conhecimentos Espec√≠ficos: Conhecimentos de projetos t√©cnicos de arquitetura/complementares- Direito Imobili√°rio- Licenciamentos ambientais- senso cr√≠tico- proatividade; relacionamento interpessoal- trabalho em equipe. Autocad- Leitura de Projetos arquitet√¥nico e complementares. Cursos Espec√≠ficos: Pacote office- Viabil- Gest√£o de Pessoas- Autocad- MS Project.
85,Secret√°ria,"Descri√ß√£o Geral:Empresa do ramo odontol√≥gico

Atividades: Recep√ß√£o de pacientes; Atendimento telef√¥nico; Prepara√ß√£o de entregar de exames; Agendamentos; Or√ßamentos; Limpeza.

Requisitos: Ensino m√©dio completo- experi√™ncia em cl√≠nicas m√©dicas/odontol√≥gicas/cl√≠nicas radiologia/ laborat√≥rios- inform√°tica intermedi√°ria- dom√≠nio no pacote office- photoshop b√°sico- proatividade- boa comunica√ß√£o- resoluto e resiliente."
86,Est√°gio em Ci√™ncia da Computa√ß√£o,Cursando 1¬∫ ano Dever√° estar cursando: Ensino Superior em Ci√™ncia da Computa√ß√£o. Manuten√ß√£o de computador- formata√ß√£o e configura√ß√£o de m√°quinas- configura√ß√£o de Headset- cota√ß√µes- instala√ß√£o de Hardware- controle de equipamentos da TI e instala√ß√£o de hardware.
87,Est√°gio Engenharia de Automa√ß√£o- Ci√™ncia da Computa√ß√£o- Software e An√°lise,"Est√°gio Engenharia de Automa√ß√£o- Ci√™ncia da Computa√ß√£o- Software e An√°lise de Sistemas

Na Tetra Pak n√≥s estamos em contatos com milh√µes de vidas todo dia- garantindo nutri√ß√£o e estilos de vida mais saud√°veis atrav√©s de processos de embalagens seguros e solu√ß√µes para o processamento de alimentos. Guiados pela promessa em nossa miss√£o global- PROTEGE O QUE √â BOM- nos esfor√ßamos para fazer a diferen√ßa protegendo alimentos- pessoas e o nosso futuro. Para isso precisamos mais do que tecnologias inteligentes. Precisamos de pessoas inteligentes tamb√©m. Pessoas como voc√™- que queiram trabalhar com pessoas como n√≥s.

Programa de Est√°gio

O Programa de Est√°gio da Tetra Pak visa qualificar jovens talentos por meio da viv√™ncia de situa√ß√µes reais do mundo corporativo- oferecendo oportunidades para que se desenvolvam no √¢mbito pessoal e profissional. Nossa abordagem prepara os novos talentos para que futuramente assumam posi√ß√µes na organiza√ß√£o- ajudando a construir o futuro da marca em alinhamento com as nossas metas e compromissos de longo prazo. Ao se juntar √† nossa equipe- o estagi√°rio contar√° com o apoio da nossa √°rea de recursos humanos e ser√° instru√≠do e avaliado por um mentor- que o orientar√° e acompanhar√° em suas atividades do dia a dia. Al√©m disso- contamos com um programa de Intergra√ß√£o desenhado para preparar da melhor forma poss√≠vel os novos estagi√°rios para colocarem todo o seu potencial em a√ß√£o.

Seu foco ser√°

Como estagi√°rio(a) em Programa de Melhoria Cont√≠nua voc√™ ir√°:
‚Ä¢ Suporte a f√°brica no desenvolvimento / manuten√ß√£o de relat√≥rios em PowerBI;
‚Ä¢ Desenvolver um projeto vinculado √† ind√∫stria 4.0;
‚Ä¢ Ajudar a f√°brica na prepara√ß√£o para auditorias TPM (Total Productive Maintenance) externas
‚Ä¢ Apresenta√ß√£o e tradu√ß√£o para o ingl√™s;
‚Ä¢ Participar de atividades WCM (World Class Manufacturing)- como pilares e equipes de melhoria.

Quem √© voc√™

Nos Acreditamos Que Voc√™
‚Ä¢ Est√° regularmente matriculado em um curso de ensino superior em Engenharia de Automa√ß√£o- Ci√™ncia da Computa√ß√£o- Software ou An√°lise de Sistemas;
‚Ä¢ Possui bons conhecimentos em Power BI;
‚Ä¢ Tem disponibilidade para estagiar 6h por dia por- no m√≠nimo- 1 ano;
‚Ä¢ Tem disponibilidade para estagiar em Ponta Grossa - PR;
‚Ä¢ Se forma entre Julho de 2022 e agosto de 2023;
‚Ä¢ Possui ingl√™s avan√ßado ou fluente.

N√≥s oferecemos
‚Ä¢ Variedade de desafios emocionantes- com amplas oportunidades de desenvolvimento e treinamento em um cen√°rio verdadeiramente global.
‚Ä¢ Cultura pioneira em esp√≠rito de inova√ß√£o onde nossos engenheiros promovem resultados vis√≠veis.
‚Ä¢ Oportunidades iguais de experi√™ncia de trabalho que valorizam a diferen√ßa e a diversidade.
‚Ä¢ Remunera√ß√£o e benef√≠cios competetivos com o mercado e com acordos de trabalho flex√≠veis.

Etapas do Processo Seletivo
‚Ä¢ An√°lise de curr√≠culo
‚Ä¢ Desafios online
‚Ä¢ V√≠deo entrevista
‚Ä¢ Din√¢mica online
‚Ä¢ Entrevista online
‚Ä¢ Admiss√£o
‚Ä¢ In√≠cio do est√°gio em 02 de agosto de 2021.

Candidate-se agora!

Se voc√™ se inspira em proteger os alimentos e o planeta- se candidate atrav√©s de nossa p√°gina de carreiras no site https://jobs.tetrapak.com
Adata limite para aplicar a essa posi√ß√£o √© dia 29 de abril de 2021"
88,Est√°gio Ci√™ncia da Computa√ß√£o- Matem√°tica- Estat√≠stica ou Engenharia da,"Atividades
‚Ä¢ Aquisi√ß√£o- limpeza- tratamento e visualiza√ß√£o de dados externos e internos
‚Ä¢ Treinamento de modelos de aprendizagem de m√°quina para aux√≠lio gerencial e final√≠stico
‚Ä¢ Desenvolvimento de scripts de automa√ß√£o de tarefas.

Pr√©-requisitos: Estudantes cursando a partir do 6¬∫ per√≠odo;
Ter disponibilidade para estagiar por no m√≠nimo 6 meses;

Possuir Conhecimento Em
‚Ä¢ Word: n√≠vel intermedi√°rio
‚Ä¢ Excel: n√≠vel intermedi√°rio
‚Ä¢ Power Point: n√≠vel intermedi√°rio
‚Ä¢ o candidato dever√° ter conhecimentos em: programa√ß√£o Python e das bibliotecas mais comumente utilizadas para extra√ß√£o- an√°lise e visualiza√ß√£o de dados (Pandas- Numpy- Matplotlib- Jupyter)."
89,Engenheiro Eletr√¥nico - Eletr√¥nico Ou Da Computa√ß√£o,"√Årea e especializa√ß√£o profissional: Engenharia - Engenharia El√©trica- Eletr√¥nica- Eletrot√©cnica

N√≠vel hier√°rquico: Analista

N√∫mero de vagas: 2

Local de trabalho: Pinhais- PR

Engenheiro Eletr√¥nico ou Engenheiro de Computa√ß√£o para programa√ß√£o de Microcontrolador em linguagem C e Assembler. Desej√°vel conhecimento de projeto de circuitos eletr√¥nicos e software de CAD para eletr√¥nica (preferencialmente Altium)"
90,Engenheiro da Computa√ß√£o S√™nior ‚Äì Back-End,"Habilidades
Java- Linux- MySQL- Node.js- POO- RESTful

O que n√≥s buscamos
Desenvolver bom c√≥digo- robusto e documentado;
Participar em reuni√µes frequentes de planeamento de sprints;
Participar ativamente no roadmap do produto;
Rever c√≥digo e ter o c√≥digo a ser revisto por terceiros.
Trabalhar diretamente com os product owners e restantes membros da equipe;
Capacidade cr√≠tica e refletiva sobre os requisitos do produto;
Capacidade criativa e refletiva de interfaces UI/UX.

Principais responsabilidades
Conhecimentos s√≥lidos de java- linux e node;
√Årea de forma√ß√£o em engenharia inform√°tica ou em sistemas de redes;
Bons conhecimentos de POO;
Conhecimentos de MSSQL e MySQL;
Experi√™ncia com RestFull api;
Experi√™ncia com git.
Boa capacidade de resolu√ß√£o de problemas;
Experi√™ncia m√≠nima de 2 anos em sistemas de redes;
Conhecimentos de VSTS;
Conhecimentos s√≥lidos de l√≠ngua Inglesa;
Experi√™ncia com desenvolvimento √°gil

Descri√ß√£o da empresa
Empresa de tecnologia na √°rea educacional.

Benef√≠cios"
91,Assistente de Computa√ß√£o - home office,Empresa localizada na cidade de Curitiba/PR do ramo Inform√°tica- contrata Assistente de Computa√ß√£o.
92,Engenheiro de computa√ß√£o,Engenheiro de computa√ß√£o Ir√° trabalhar no desenvolvimento de softwares para microcontroladores ARM e microprocessadores- trabalhar no embarque de software em microprocessadores. Programa√ß√£o Web. Beneficios: A Combinar; Forma√ß√£o Acad√™mica: Forma√ß√£o superior em Engenharia da Computa√ß√£o. Experi√™ncia: Experi√™ncia em desenvolvimento de softwares para microcontroladores e Microprocessadores. Sal√°rio: A combinar Cargo: Engenheiro de computa√ß√£o Empresa: Grupo Philus Servi√ßos de engenharia el√©trica e presta√ß√£o de servi√ßos. Ramo: EngenhariaAproveite e divulgue seu curr√≠culo gr√°tis por 7 dias
93,Desenvolvedor BackEnd Londrina PR,"Experi√™ncia na √°rea: 3 - 6 anos

Faixa salarial: R$ 9.000 - R$ 15.000

Localiza√ß√£o: Remoto

Benef√≠cios: Vale Refei√ß√£o- Home office- Plano de sa√∫de

Requisitos comportamentais: Boa comunica√ß√£o- Trabalhe sob press√£o- Resolu√ß√£o de problemas

Descri√ß√£o da vaga: Vaga: Back-end Produto;Vaga n√≠vel s√™nior | 5 anos de experi√™ncia ou +

Script para o candidato- referente a vaga:

Estamos em adequa√ß√£o das tecnologias do dia a dia!

Voc√™ far√° parte do primeiro time de Engenheiro e desenvolvedores que ir√£o trabalhar no desenvolvimento do produto.

A √°rea de tecnologia √© muito importante pra gente- √© a prioridade da empresa- porque possuem muitas features que est√£o na lista de espera para ser implementada

Sobre a empresa:

Oferece um servi√ßo que leva at√© voc√™ o supermercado e diversas lojas especializadas em sua casa ou onde voc√™ quiser- em uma hora.

Somos uma das startups que mais crescem na Am√©rica Latina.

Resolvemos problemas atrav√©s do Software e nossas equipes trabalham- pensam e respiram tecnologia. Temos uma cultura horizontal- zero burocr√°tica- transparente e direta.

Buscamos pessoas que queiram viver o desafio de escalar um servi√ßo globalmente de forma leve e divertida.

Atualmente- nossa equipe de Tecnologia √© composta por mais de 130 engenheiras e engenheiros- localizados em sua maioria no Chile.

Benef√≠cios:

Vale Refei√ß√£o-

Home office-

Plano de sa√∫de

Sal√°rio:

R$ 9.000 - R$ 15.000

Escolaridade:

Ensino Superior Completo"
94,Desenvolvedor de Back-End,Desenvolvedor de Back-End -- Descri√ß√£o Realizar ajustes e melhorias em lojas virtuais- passando desde de corre√ß√µes triviais a tarefas mais complexas. O candidato deve ter os seguintes conhecimentos e precisa se mostrar interessado em buscar conhecimento al√©m do ambiente de trabalho. Requisitos - Conhecimento Intermedi√°rio em PHP - Conhecimento B√°sico em Mysql - Conhecimento B√°sico em JS - Conhecimento B√°sico em Node Desej√°vel conhecimento na plataforma Magento. Vale Alimenta√ß√£o- Vale transporte- Plano de Sa√∫de- Seguro de Vida- Massagem Laboral. Tipo de vaga: Tempo Integral Beneficios: Forma√ß√£o Acad√™mica: N√£o informado Experi√™ncia: Sal√°rio: A combinar Cargo: Desenvolvedor Backend Empresa: Bis2Bis Desenvolvimento de programas de computador sob encomenda. Ramo: Inform√°tica/ TecnologiaConquiste um novo emprego o quanto antes
95,Back End Developer (.NET/ASP.NET),"Vamos transformar o Brasil em uma sociedade mais digital e colocar nosso pa√≠s no mapa global da inova√ß√£o.

J√° tra√ßamos um plano para chegar l√° e temos dado grandes passos em dire√ß√£o a esse ousado desafio- mas precisamos de bons talentos para irmos ainda mais longe. Vem com a gente?

Nosso Desafio

Queremos devolver para as pessoas o total controle sobre seus dados- por isso estamos desenvolvendo um ecossistema de solu√ß√µes que visa proteger a identidade dos brasileiros e tornar seu uso mais simples e seguro. Trabalhamos com tecnologias que s√£o tend√™ncia nos pa√≠ses mais desenvolvidos do mundo e temos a maior base privada de biometria facial do pa√≠s.

Nossa Cultura

Valorizamos pessoas que n√£o t√™m medo de questionar- de fazer diferente e nem de errar. Aquelas que sonham grande e est√£o sempre em busca de desafios fora de sua zona de conforto. Em contrapartida- oferecemos um ambiente descontra√≠do e seguro para que elas possam ser quem realmente s√£o. Veja o que nosso time fala de n√≥s no Glassdoor.

Desafio Da Posi√ß√£o

Estamos alcan√ßando uma escala muito grande e crescendo em uma velocidade alt√≠ssima. Buscamos pessoas que desenvolvem em mobile para nos ajudar a criar softwares sustent√°veis- que utilizem arquitetura distribu√≠da e que suportem demanda de larga escala.
‚Ä¢ Auxiliar o l√≠der t√©cnico na defini√ß√£o das melhores solu√ß√µes;
‚Ä¢ Escrever c√≥digo limpo- padronizado- bem documentado e testado;
‚Ä¢ Controlar revis√µes de c√≥digo- features- releases e bugs;
‚Ä¢ Auxiliar na Implanta√ß√£o dos releases nos ambientes de testes e produ√ß√£o e garantir o correto funcionamento;
‚Ä¢ Participar de eventos e reuni√µes com clientes internos e externos;
‚Ä¢ Seguir nossos princ√≠pios de Engenharia (desenvolvemos solu√ß√µes simples- r√°pidas- seguras- escal√°veis- mensur√°veis- resilientes e que ser√£o lembradas).

Responsabilidades e atribui√ß√µes

Experi√™ncia com...
‚Ä¢ Desenvolvimento de aplicativos na plataforma .NET Framework e .Net Core;
‚Ä¢ Administra√ß√£o de bancos de dados relacionais- em especial SQL Server;
‚Ä¢ Programa√ß√£o backend (services- threads- tasks- async);

Conhecimento / Habilidade com...
‚Ä¢ Gerenciadores de c√≥digo fonte- em especial GitHub;
‚Ä¢ Ferramentas de testes automatizadas;
‚Ä¢ Aplica√ß√£o de metodologias √°geis- como Scrum;
‚Ä¢ Ingl√™s intermedi√°rio para leitura de artigos t√©cnicos- utiliza√ß√£o de ferramentas de programa√ß√£o e viagens ao exterior.

Somar√° pontos se voc√™ tamb√©m tiver...
‚Ä¢ Forma√ß√£o superior em curso ou completa em Ci√™ncias da Computa√ß√£o- Engenharia da Computa√ß√£o- Sistemas de Informa√ß√£o ou √°reas afins.

Nossas Responsabilidades
‚Ä¢ Oferecer um plano de carreira estruturado de acordo com suas compet√™ncias e interesses- com oportunidade de crescimento como especialista ou l√≠der (mesmo modelo utilizado por empresas de alta performance em tecnologia);
‚Ä¢ Incentivar seu desenvolvimento pessoal e profissional atrav√©s de ciclos de avalia√ß√£o de performance semestrais (com feedback estruturado e plano de desenvolvimento individual)- programas de forma√ß√£o internos- bolsas de estudo acad√™micas e bate-papos tech/non-tech com profissionais do mercado;
‚Ä¢ Promover um ambiente leve- justo e inclusivo- com base nos pilares de confian√ßa e liberdade. Aqui voc√™ ter√° flexibilidade de hor√°rio e possibilidade de fazer home office alguns dias na semana (durante a quarentena estamos trabalhando 100% remoto);
‚Ä¢ Cuidar da sua sa√∫de e bem-estar atrav√©s de um plano de sa√∫de refer√™ncia de mercado (extens√≠vel para dependentes)- plano odontol√≥gico- seguro de vida- Gympass;
‚Ä¢ Ajudar com seus gastos de alimenta√ß√£o oferecendo R$ 952-00 por m√™s em um cart√£o √∫nico com a fun√ß√£o de VR e VA integrada;
‚Ä¢ Ajudar com o seu deslocamento at√© o escrit√≥rio disponibilizando vaga coberta na garagem- cr√©dito no vale transporte- reembolso fretado ou biciclet√°rio (com vesti√°rio).

Local De Trabalho

Gleba Fazendo Palhano- Londrina (f√°cil acesso √† Av. Me. Le√¥nia Milito)

#Covid / Durante a quarentena nosso time est√° atuando de forma 100% remota. Todos os nossos processos internos foram adaptados para esse novos cen√°rio- desde a contrata√ß√£o e integra√ß√£o de novas pessoas- at√© nossos rituais di√°rios da empresa. Mais importante do que as nossas tecnologias- s√£o as nossas pessoas.

___

Estamos comprometidos com a constru√ß√£o de um ambiente de trabalho diverso. Todas as candidaturas feitas ser√£o consideradas sem distin√ß√£o de ra√ßa- cor- religi√£o- g√™nero e identidade de g√™nero- nacionalidade- defici√™ncia- orienta√ß√£o sexual- ascend√™ncia ou idade.

#vemserunico

Conhe√ßa mais sobre n√≥s
‚Ä¢ Website
‚Ä¢ LinkedIn
‚Ä¢ Facebook
‚Ä¢ Instagram
‚Ä¢ Glassdoor"
96,Desenvolvedor Full Stack .Net,"N√≠vel: Especialista
√Årea: Tecnologia da Informa√ß√£o
Escolaridade: Gradua√ß√£o - Ci√™ncia da Computa√ß√£o - Cursando
Tipo de contrato: CLT
Jornada de trabalho: Segunda a sexta-feira - 08hrs √†s 17:30 com 1:30 para almo√ßo / Flexibilidade de Hor√°rio
Disponibilidade para home-office

Benef√≠cios: Vale alimenta√ß√£o- Vale transporte- Open de frutas- Estacionamento- Plano de sa√∫de- Ambiente descolado (v√≠deo game- puffs e free coffee)

Responsabilidades e Experi√™ncias desej√°veis:

Interpretar- desenvolver e testar sistemas web."
97,Desenvolvedor Back-End ‚Äì J√∫nior,"√Årea e especializa√ß√£o profissional: Inform√°tica- TI- Telecomunica√ß√µes - Programador / Desenvolvedor
N√≠vel hier√°rquico: Operacional
Local de trabalho: Curitiba- PR
Regime de contrata√ß√£o de tipo Efetivo ‚Äì CLT
Jornada Per√≠odo Integral
Requisitos: ? Backend Nodejs ? Bancos de Dados: MySQL ? Experi√™ncia com ferramentas de versionamento e colabora√ß√£o como github ? Conhecimento em Linux (intermedi√°rio) ? Conhecimento em Docker e servi√ßos de containers Diferenciais: ? Framework serverless e arquitetura de Microservices ? Experi√™ncia com PM2 ? Experi√™ncia com Elasticsearch ? Experi√™ncia com Redis ? Experi√™ncia com Graphql Atividades: ? Desenvolver e sustentar integra√ß√µes ? Criar backends est√°veis- confi√°veis e de f√°cil manuten√ß√£o ? Manuten√ß√£o em aplica√ß√£o existente (legado) O que oferecemos: ? Sal√°rio a combinar registrado em carteira ? Vale Refei√ß√£o ? Vale Transporte ou Aux√≠lio-Combust√≠vel ? Seguro de Vida em Grupo"
98,Desenvolvedor Backend Mobile & Web,"Estamos em busca de um(a) Desenvolvedor Backend Mobile & Web

O(a) profissional ir√° desenvolver em conjunto com a equipe- atuando tanto no desenvolvimento de novas features do app- na an√°lise dos dados e na sustenta√ß√£o do projeto.

Voc√™ vai trabalhar em equipe para criar solu√ß√µes e melhorias no aplicativo/framework- aprendendo diariamente novas tecnologias que podem auxiliar na resolu√ß√£o dos problemas. Al√©m disso- voc√™ vai participar e discutir sobre as solu√ß√µes de arquitetura do sistema- melhores m√©todos para corrigir bugs- melhorar a UX e resolver problemas complexos. Com o tempo e s√™nioridade voc√™ passar√° a conduzir as discuss√µes dentro da equipe e tomar as decis√µes referentes a arquitetura da aplica√ß√£o.

Benef√≠cios: a combinar

Requisitos Necess√°rios:
PHP- Desenvolvimento Web- Java Script- FLUTTER- Framework Laravel- GIT- Metodologia Agil- POO- Experiencia com App.

-Saber criar views customizadas reaproveit√°veis e escal√°veis;
- Prototipa√ß√£o r√°pida
-Domina o IntelliJ AndroidStudio/XCode;
-Conhecimento b√°sico de arquitetura
-Conhecimento b√°sico da arquitetura do Android/IOS- conhece Lifecycles- Threads- Services- Intents e sabe antes de acontecer que um c√≥digo pode falhar e evita isso;
- Domina as principais Libs que a comunidade usa;
- Sabe estruturar um app- come√ßar um do zero. Sabe usar das boas pr√°ticas para criar uma arquitetura escal√°vel e simples;
- Saber Modelar banco de dados mobile;
- Saber trabalhar com requests criptografadas;
- Trabalhar com Frameworks de seguran√ßa (KeyChainAccess);
- Experi√™ncia com UnitTest;
- Domina Gradle/Maven;
- QA
- Java
- Conhecimento MVVM- MVP- MVC- Clean e sabe dialogar indicando vantagens e desvantagens de cada arquitetura;
- Participar de algum projeto Open Source"
99,Desenvolvedor(a) Back-end Ruby Pleno,"Estamos em busca de um(a) Desenvolvedor(a) Ruby para se juntar a nossa jornada de ajudar mais de 7 milh√µes de empreendedores a se reinventarem e crescerem utilizando nossas ferramentas e Apps!

A Zygo √© uma empresa PagSeguro- o segundo unic√≥rnio brasileiro- uma empresa de tecnologia que redefiniu o mercado de servi√ßos financeiros do nosso pa√≠s- por meio do lan√ßamento de maquininhas com pre√ßos acess√≠veis e um servi√ßo de conta digital simples e claro.

Essa transforma√ß√£o √© fruto da nossa VIS√ÉO: simplificar a vida das pessoas por meio de inova√ß√µes disruptivas em servi√ßos financeiros. Para nos apoiar nessa busca incans√°vel por reinven√ß√£o- buscamos uma pessoa Desenvolvedora Ruby para atuar em nossos times multidisciplinares de desenvolvimento entregando de forma incremental- com pull-requests e code-reviews constantes.

Seu desafio ser√° trabalhar na integra√ß√£o de novos servi√ßos em um aplicativo de grande escala que faz parte de um ecossistema de produtos que j√° s√£o usados por milh√µes de empreendedores. Estamos em busca de um(a) profissional disposto a fazer parte de um time em crescimento- apaixonado por produtos escal√°veis e que tenha grandes aspira√ß√µes em se tornar cada vez melhor no que faz- e melhor que isso- que n√£o apenas queira- mas que esteja disposto a se manter em constante estado de aprendizado e adapta√ß√£o.

Quais ser√£o seus desafios e responsabilidades?
‚Ä¢ Entender muito bem os requisitos e escrever c√≥digo claro- simples e otimizado utilizando orienta√ß√£o a objetos;
‚Ä¢ Ajudar a manter o sistema sustent√°vel para grande escala e performance
‚Ä¢ Trabalhar no processo de constru√ß√£o de solu√ß√µes back-end- o que envolve projeto- requisitos- execu√ß√£o- manuten√ß√£o e suporte;
‚Ä¢ Trabalhar com integra√ß√µes e bases dados de outros produtos PagSeguro.

O que √© indispens√°vel para a vaga?
‚Ä¢ Experi√™ncia em desenvolvimento de softwares;
‚Ä¢ Dom√≠nio da linguagem Ruby e do framework Ruby on Rails;
‚Ä¢ Conhecimentos em temas de ci√™ncias da computa√ß√£o como arquitetura de sistemas- estrutura de dados- redes- algoritmos;
‚Ä¢ Conhecimento de banco de dados relacional
‚Ä¢ Experi√™ncia e conhecimento de testes automatizados;
‚Ä¢ Mindset √°gil;

O que mais a gente adoraria ver?
‚Ä¢ Forma√ß√£o na √°rea;
‚Ä¢ Conhecimento de banco de dados n√£o relacional
‚Ä¢ Conhecimento de opera√ß√£o e volume de dados;
‚Ä¢ Experi√™ncia com Redis
‚Ä¢ Experi√™ncia com Oracle

Benef√≠cios:
‚Ä¢ Plano de sa√∫de nacional SulAm√©rica;
‚Ä¢ Plano Odontol√≥gico Pr√≠vian (OdontoPrev);
‚Ä¢ Seguro de Vida Bradesco;
‚Ä¢ Vale Refei√ß√£o ou Vale Alimenta√ß√£o;
‚Ä¢ Vale Transporte ;
‚Ä¢ No Dress Code;
‚Ä¢ Modelo de trabalho flex√≠vel: full remoto ou semipresencial no p√≥s-pandemia;
‚Ä¢ Acesso a Universidade Corporativa da UniUOL
‚Ä¢ Cultura forte de aprendizagem- crescimento e feedbacks"
100,Desenvolvedor Back End .NET JR/PL,"DESCRI√á√ÉO
Atividades:
- Atuar√° no desenvolvimento de sistemas- ajuste e corre√ß√£o de bugs e auxiliar√° na cria√ß√£o de novas funcionalidade;
- Ir√° mapear processos e realizar modelagem de dados- com objetivo de estudar e implementar sistemas de acordo com as regras da organiza√ß√£o;
- Desenvolver aplica√ß√µes back end;
- Desenvolver aplica√ß√µes Web.
REQUISITOS
‚Ä¢ C# e ASP.NET;
‚Ä¢ MVC e SQL Server;
‚Ä¢ API Rest;
‚Ä¢ Metodologia √Ågil.

DESEJ√ÅVEL
‚Ä¢ Xamarim/PWA"
